1;ENSG00000099622
2;ENSG00000150347
3;ENSG00000159216
4;ENSG00000120694
5;ENSG00000134107
6;ENSG00000067082
7;ENSG00000148926
8;ENSG00000115306
9;ENSG00000115738
10;ENSG00000112715
11;ENSG00000116741
12;ENSG00000170525
13;ENSG00000163110
14;ENSG00000162772
15;ENSG00000054523
16;ENSG00000127603
17;ENSG00000003402
18;ENSG00000196372
19;ENSG00000118503
20;ENSG00000122952
21;ENSG00000109861
22;ENSG00000147852
23;ENSG00000197063
24;ENSG00000140416
25;ENSG00000109971
26;ENSG00000198363
27;ENSG00000124588
28;ENSG00000095383
29;ENSG00000165030
30;ENSG00000124831
31;ENSG00000171793
32;ENSG00000196923
33;ENSG00000120738
34;ENSG00000188529
35;ENSG00000101191
36;ENSG00000157557
37;ENSG00000112972
38;ENSG00000117616
39;ENSG00000125968
40;ENSG00000023445
41;ENSG00000196781
42;ENSG00000125844
43;ENSG00000182287
44;ENSG00000173559
45;ENSG00000072274
46;ENSG00000129292
47;ENSG00000221978
48;ENSG00000147872
49;ENSG00000166012
50;ENSG00000174306
51;ENSG00000114770
52;ENSG00000177606
53;ENSG00000116560
54;ENSG00000185022
55;ENSG00000013441
56;ENSG00000102178
57;ENSG00000115758
58;ENSG00000119397
59;ENSG00000141447
60;ENSG00000110911
61;ENSG00000086061
62;ENSG00000141644
63;ENSG00000065150
64;ENSG00000004455
65;ENSG00000152795
66;ENSG00000006652
67;ENSG00000106077
68;ENSG00000120129
69;ENSG00000134690
70;ENSG00000148090
71;ENSG00000133943
72;ENSG00000114857
73;ENSG00000198431
74;ENSG00000166900
75;ENSG00000120833
76;ENSG00000133794
77;ENSG00000005810
78;ENSG00000088448
79;ENSG00000124523
80;ENSG00000136824
81;ENSG00000139112
82;ENSG00000135069
83;ENSG00000165475
84;ENSG00000121579
85;ENSG00000079332
86;ENSG00000159140
87;ENSG00000127824
88;ENSG00000180817
89;ENSG00000213626
90;ENSG00000149809
91;ENSG00000185650
92;ENSG00000023287
93;ENSG00000010292
94;ENSG00000101109
95;ENSG00000169919
96;ENSG00000011422
97;ENSG00000105993
98;ENSG00000107201
99;ENSG00000103353
100;ENSG00000105516
101;ENSG00000147548
102;ENSG00000213347
103;ENSG00000131979
104;ENSG00000134324
105;ENSG00000169504
106;ENSG00000116604
107;ENSG00000116260
108;ENSG00000143622
109;ENSG00000113161
110;ENSG00000100380
111;ENSG00000115641
112;ENSG00000159259
113;ENSG00000070214
114;ENSG00000101187
115;ENSG00000099860
116;ENSG00000134313
117;ENSG00000135930
118;ENSG00000171467
119;ENSG00000087074
120;ENSG00000147421
121;ENSG00000167522
122;ENSG00000198625
123;ENSG00000176974
124;ENSG00000101255
125;ENSG00000175197
126;ENSG00000077684
127;ENSG00000133789
128;ENSG00000165795
129;ENSG00000148459
130;ENSG00000111371
131;ENSG00000205726
132;ENSG00000101745
133;ENSG00000164830
134;ENSG00000146143
135;ENSG00000166508
136;ENSG00000176463
137;ENSG00000244754
138;ENSG00000086300
139;ENSG00000134294
140;ENSG00000157954
141;ENSG00000124181
142;ENSG00000206053
143;ENSG00000101290
144;ENSG00000116679
145;ENSG00000047849
146;ENSG00000071539
147;ENSG00000137575
148;ENSG00000123933
149;ENSG00000160310
150;ENSG00000120686
151;ENSG00000106344
152;ENSG00000166387
153;ENSG00000135316
154;ENSG00000156787
155;ENSG00000153250
156;ENSG00000131153
157;ENSG00000174197
158;ENSG00000132002
159;ENSG00000068028
160;ENSG00000136811
161;ENSG00000101019
162;ENSG00000125818
163;ENSG00000127481
164;ENSG00000171552
165;ENSG00000164733
166;ENSG00000070495
167;ENSG00000064393
168;ENSG00000100201
169;ENSG00000111276
170;ENSG00000163660
171;ENSG00000157106
172;ENSG00000068078
173;ENSG00000050344
174;ENSG00000095787
175;ENSG00000168003
176;ENSG00000167074
177;ENSG00000114439
178;ENSG00000163956
179;ENSG00000120438
180;ENSG00000188130
181;ENSG00000119326
182;ENSG00000023330
183;ENSG00000197381
184;ENSG00000134884
185;ENSG00000141458
186;ENSG00000147162
187;ENSG00000100614
188;ENSG00000145287
189;ENSG00000146232
190;ENSG00000144136
191;ENSG00000008294
192;ENSG00000124225
193;ENSG00000117139
194;ENSG00000128228
195;ENSG00000116754
196;ENSG00000106829
197;ENSG00000129351
198;ENSG00000142192
199;ENSG00000102265
200;ENSG00000176890
201;ENSG00000040341
202;ENSG00000184216
203;ENSG00000073008
204;ENSG00000017260
205;ENSG00000091527
206;ENSG00000011454
207;ENSG00000159788
208;ENSG00000116584
209;ENSG00000124120
210;ENSG00000160213
211;ENSG00000129657
212;ENSG00000197555
213;ENSG00000112739
214;ENSG00000132950
215;ENSG00000214063
216;ENSG00000168209
217;ENSG00000169905
218;ENSG00000100526
219;ENSG00000025770
220;ENSG00000170791
221;ENSG00000134109
222;ENSG00000010295
223;ENSG00000197563
224;ENSG00000187239
225;ENSG00000104064
226;ENSG00000086102
227;ENSG00000124783
228;ENSG00000143179
229;ENSG00000112118
230;ENSG00000110066
231;ENSG00000154743
232;ENSG00000100034
233;ENSG00000103550
234;ENSG00000198301
235;ENSG00000101236
236;ENSG00000110321
237;ENSG00000161800
238;ENSG00000177595
239;ENSG00000168066
240;ENSG00000166233
241;ENSG00000142949
242;ENSG00000197321
243;ENSG00000106804
244;ENSG00000142227
245;ENSG00000171223
246;ENSG00000137834
247;ENSG00000094916
248;ENSG00000060237
249;ENSG00000145050
250;ENSG00000004478
251;ENSG00000154642
252;ENSG00000175591
253;ENSG00000105939
254;ENSG00000171453
255;ENSG00000164828
256;ENSG00000197771
257;ENSG00000115520
258;ENSG00000140718
259;ENSG00000099204
260;ENSG00000117308
261;ENSG00000169155
262;ENSG00000169641
263;ENSG00000170606
264;ENSG00000080839
265;ENSG00000136261
266;ENSG00000085117
267;ENSG00000170312
268;ENSG00000164070
269;ENSG00000160299
270;ENSG00000107937
271;ENSG00000070010
272;ENSG00000125354
273;ENSG00000131470
274;ENSG00000101040
275;ENSG00000118482
276;ENSG00000072310
277;ENSG00000169249
278;ENSG00000115053
279;ENSG00000086758
280;ENSG00000100417
281;ENSG00000163848
282;ENSG00000170776
283;ENSG00000145675
284;ENSG00000100354
285;ENSG00000008513
286;ENSG00000132326
287;ENSG00000123146
288;ENSG00000183337
289;ENSG00000165304
290;ENSG00000145779
291;ENSG00000137955
292;ENSG00000016864
293;ENSG00000134222
294;ENSG00000100307
295;ENSG00000167325
296;ENSG00000155090
297;ENSG00000110713
298;ENSG00000001461
299;ENSG00000148450
300;ENSG00000106460
301;ENSG00000118960
302;ENSG00000111445
303;ENSG00000152520
304;ENSG00000117399
305;ENSG00000102531
306;ENSG00000182670
307;ENSG00000059728
308;ENSG00000139218
309;ENSG00000138778
310;ENSG00000102908
311;ENSG00000104687
312;ENSG00000143549
313;ENSG00000003756
314;ENSG00000013810
315;ENSG00000038382
316;ENSG00000029363
317;ENSG00000104218
318;ENSG00000123485
319;ENSG00000158467
320;ENSG00000130164
321;ENSG00000159399
322;ENSG00000145687
323;ENSG00000176102
324;ENSG00000130826
325;ENSG00000132780
326;ENSG00000136997
327;ENSG00000122566
328;ENSG00000101265
329;ENSG00000111679
330;ENSG00000034152
331;ENSG00000211584
332;ENSG00000123131
333;ENSG00000113615
334;ENSG00000156313
335;ENSG00000164985
336;ENSG00000103351
337;ENSG00000011198
338;ENSG00000155111
339;ENSG00000077721
340;ENSG00000064601
341;ENSG00000143970
342;ENSG00000068745
343;ENSG00000111602
344;ENSG00000132680
345;ENSG00000013364
346;ENSG00000118515
347;ENSG00000143013
348;ENSG00000020256
349;ENSG00000072210
350;ENSG00000166851
351;ENSG00000120802
352;ENSG00000140105
353;ENSG00000088325
354;ENSG00000102804
355;ENSG00000089248
356;ENSG00000145901
357;ENSG00000120899
358;ENSG00000131446
359;ENSG00000162734
360;ENSG00000113368
361;ENSG00000174371
362;ENSG00000174718
363;ENSG00000134574
364;ENSG00000101972
365;ENSG00000130559
366;ENSG00000085832
367;ENSG00000168078
368;ENSG00000010322
369;ENSG00000127948
370;ENSG00000092964
371;ENSG00000196405
372;ENSG00000072110
373;ENSG00000086062
374;ENSG00000147130
375;ENSG00000117450
376;ENSG00000100345
377;ENSG00000198176
378;ENSG00000173638
379;ENSG00000048991
380;ENSG00000076003
381;ENSG00000087586
382;ENSG00000010244
383;ENSG00000121691
384;ENSG00000160953
385;ENSG00000112419
386;ENSG00000152457
387;ENSG00000187741
388;ENSG00000042317
389;ENSG00000102606
390;ENSG00000185222
391;ENSG00000112578
392;ENSG00000164104
393;ENSG00000108829
394;ENSG00000129003
395;ENSG00000131051
396;ENSG00000100647
397;ENSG00000158050
398;ENSG00000134138
399;ENSG00000090006
400;ENSG00000133119
401;ENSG00000114107
402;ENSG00000125347
403;ENSG00000171700
404;ENSG00000106080
405;ENSG00000070444
406;ENSG00000112773
407;ENSG00000108654
408;ENSG00000158828
409;ENSG00000138758
410;ENSG00000167900
411;ENSG00000134480
412;ENSG00000178585
413;ENSG00000153187
414;ENSG00000120158
415;ENSG00000096060
416;ENSG00000142733
417;ENSG00000136982
418;ENSG00000139163
419;ENSG00000135924
420;ENSG00000115762
421;ENSG00000139514
422;ENSG00000139734
423;ENSG00000105835
424;ENSG00000056586
425;ENSG00000197694
426;ENSG00000100731
427;ENSG00000053254
428;ENSG00000078699
429;ENSG00000105173
430;ENSG00000134905
431;ENSG00000172183
432;ENSG00000116984
433;ENSG00000096746
434;ENSG00000024862
435;ENSG00000136933
436;ENSG00000112312
437;ENSG00000121057
438;ENSG00000071243
439;ENSG00000100099
440;ENSG00000163659
441;ENSG00000142634
442;ENSG00000121892
443;ENSG00000118200
444;ENSG00000100418
445;ENSG00000110315
446;ENSG00000107771
447;ENSG00000107438
448;ENSG00000163820
449;ENSG00000136867
450;ENSG00000147454
451;ENSG00000110721
452;ENSG00000164032
453;ENSG00000120690
454;ENSG00000104419
455;ENSG00000117724
456;ENSG00000108848
457;ENSG00000163931
458;ENSG00000107077
459;ENSG00000100401
460;ENSG00000171791
461;ENSG00000119801
462;ENSG00000177189
463;ENSG00000133703
464;ENSG00000143190
465;ENSG00000101224
466;ENSG00000015475
467;ENSG00000104427
468;ENSG00000183255
469;ENSG00000159479
470;ENSG00000051523
471;ENSG00000155096
472;ENSG00000159176
473;ENSG00000182606
474;ENSG00000117394
475;ENSG00000100219
476;ENSG00000177200
477;ENSG00000106268
478;ENSG00000179115
479;ENSG00000078304
480;ENSG00000143409
481;ENSG00000140455
482;ENSG00000005893
483;ENSG00000077157
484;ENSG00000112679
485;ENSG00000184470
486;ENSG00000123992
487;ENSG00000124207
488;ENSG00000166801
489;ENSG00000139684
490;ENSG00000129255
491;ENSG00000167978
492;ENSG00000136243
493;ENSG00000136104
494;ENSG00000106462
495;ENSG00000197971
496;ENSG00000167186
497;ENSG00000104549
498;ENSG00000141524
499;ENSG00000080823
500;ENSG00000131669
501;ENSG00000172216
502;ENSG00000089685
503;ENSG00000033800
504;ENSG00000128928
505;ENSG00000150764
506;ENSG00000141027
507;ENSG00000134852
508;ENSG00000198722
509;ENSG00000101940
510;ENSG00000110841
511;ENSG00000185551
512;ENSG00000143162
513;ENSG00000149577
514;ENSG00000256525
515;ENSG00000111206
516;ENSG00000086475
517;ENSG00000198900
518;ENSG00000152348
519;ENSG00000083312
520;ENSG00000196323
521;ENSG00000089050
522;ENSG00000080822
523;ENSG00000151500
524;ENSG00000125648
525;ENSG00000135720
526;ENSG00000135124
527;ENSG00000170854
528;ENSG00000128567
529;ENSG00000088986
530;ENSG00000119655
531;ENSG00000115687
532;ENSG00000109046
533;ENSG00000144677
534;ENSG00000162783
535;ENSG00000128294
536;ENSG00000159388
537;ENSG00000115233
538;ENSG00000179958
539;ENSG00000116161
540;ENSG00000156675
541;ENSG00000196305
542;ENSG00000058804
543;ENSG00000167258
544;ENSG00000163516
545;ENSG00000152465
546;ENSG00000148154
547;ENSG00000071127
548;ENSG00000198171
549;ENSG00000103966
550;ENSG00000047056
551;ENSG00000166471
552;ENSG00000151693
553;ENSG00000172766
554;ENSG00000113569
555;ENSG00000112983
556;ENSG00000142197
557;ENSG00000151694
558;ENSG00000115946
559;ENSG00000149930
560;ENSG00000163050
561;ENSG00000197969
562;ENSG00000163939
563;ENSG00000137547
564;ENSG00000151287
565;ENSG00000175354
566;ENSG00000141646
567;ENSG00000166579
568;ENSG00000165732
569;ENSG00000113916
570;ENSG00000165819
571;ENSG00000161981
572;ENSG00000107521
573;ENSG00000134108
574;ENSG00000106723
575;ENSG00000087269
576;ENSG00000083544
577;ENSG00000133606
578;ENSG00000089280
579;ENSG00000076864
580;ENSG00000172456
581;ENSG00000111666
582;ENSG00000138613
583;ENSG00000157540
584;ENSG00000092108
585;ENSG00000118564
586;ENSG00000100297
587;ENSG00000113648
588;ENSG00000104691
589;ENSG00000107902
590;ENSG00000107758
591;ENSG00000100162
592;ENSG00000137478
593;ENSG00000166974
594;ENSG00000139746
595;ENSG00000197451
596;ENSG00000101310
597;ENSG00000186716
598;ENSG00000166986
599;ENSG00000006744
600;ENSG00000185963
601;ENSG00000159147
602;ENSG00000143819
603;ENSG00000169136
604;ENSG00000160255
605;ENSG00000163788
606;ENSG00000158042
607;ENSG00000100097
608;ENSG00000125676
609;ENSG00000083223
610;ENSG00000114738
611;ENSG00000184445
612;ENSG00000132600
613;ENSG00000135365
614;ENSG00000051108
615;ENSG00000168610
616;ENSG00000185420
617;ENSG00000165219
618;ENSG00000149084
619;ENSG00000093000
620;ENSG00000143870
621;ENSG00000126001
622;ENSG00000110921
623;ENSG00000154767
624;ENSG00000115204
625;ENSG00000110200
626;ENSG00000150907
627;ENSG00000137267
628;ENSG00000106305
629;ENSG00000138095
630;ENSG00000102103
631;ENSG00000121390
632;ENSG00000204628
633;ENSG00000105011
634;ENSG00000108389
635;ENSG00000196083
636;ENSG00000044574
637;ENSG00000090889
638;ENSG00000091436
639;ENSG00000083799
640;ENSG00000053501
641;ENSG00000110218
642;ENSG00000163947
643;ENSG00000149929
644;ENSG00000075702
645;ENSG00000131462
646;ENSG00000055332
647;ENSG00000172831
648;ENSG00000179163
649;ENSG00000122435
650;ENSG00000135040
651;ENSG00000118096
652;ENSG00000117625
653;ENSG00000133858
654;ENSG00000176170
655;ENSG00000113163
656;ENSG00000132964
657;ENSG00000138468
658;ENSG00000065802
659;ENSG00000151690
660;ENSG00000198911
661;ENSG00000104907
662;ENSG00000078674
663;ENSG00000099785
664;ENSG00000008083
665;ENSG00000143442
666;ENSG00000023909
667;ENSG00000174780
668;ENSG00000156110
669;ENSG00000105968
670;ENSG00000115977
671;ENSG00000118260
672;ENSG00000157350
673;ENSG00000159200
674;ENSG00000117682
675;ENSG00000106263
676;ENSG00000118961
677;ENSG00000196449
678;ENSG00000138092
679;ENSG00000111647
680;ENSG00000148481
681;ENSG00000109320
682;ENSG00000106683
683;ENSG00000173221
684;ENSG00000175662
685;ENSG00000137880
686;ENSG00000138834
687;ENSG00000030582
688;ENSG00000147471
689;ENSG00000135655
690;ENSG00000114480
691;ENSG00000035862
692;ENSG00000135049
693;ENSG00000198833
694;ENSG00000106605
695;ENSG00000105926
696;ENSG00000112200
697;ENSG00000164442
698;ENSG00000198604
699;ENSG00000090674
700;ENSG00000164548
701;ENSG00000155304
702;ENSG00000100823
703;ENSG00000197622
704;ENSG00000138760
705;ENSG00000132824
706;ENSG00000120699
707;ENSG00000164292
708;ENSG00000007255
709;ENSG00000117305
710;ENSG00000166681
711;ENSG00000162585
712;ENSG00000204178
713;ENSG00000108175
714;ENSG00000013375
715;ENSG00000179218
716;ENSG00000163468
717;ENSG00000134243
718;ENSG00000185917
719;ENSG00000143569
720;ENSG00000021776
721;ENSG00000085365
722;ENSG00000169925
723;ENSG00000163950
724;ENSG00000108641
725;ENSG00000116497
726;ENSG00000101079
727;ENSG00000078403
728;ENSG00000143384
729;ENSG00000137106
730;ENSG00000110888
731;ENSG00000167695
732;ENSG00000134744
733;ENSG00000099968
734;ENSG00000138442
735;ENSG00000147065
736;ENSG00000083123
737;ENSG00000151726
738;ENSG00000090686
739;ENSG00000160746
740;ENSG00000159363
741;ENSG00000060971
742;ENSG00000014641
743;ENSG00000135052
744;ENSG00000168397
745;ENSG00000002549
746;ENSG00000130309
747;ENSG00000115042
748;ENSG00000204120
749;ENSG00000181704
750;ENSG00000117155
751;ENSG00000130313
752;ENSG00000062716
753;ENSG00000100353
754;ENSG00000186350
755;ENSG00000102710
756;ENSG00000010818
757;ENSG00000171492
758;ENSG00000146247
759;ENSG00000151929
760;ENSG00000167081
761;ENSG00000086712
762;ENSG00000118705
763;ENSG00000052802
764;ENSG00000187742
765;ENSG00000119707
766;ENSG00000075131
767;ENSG00000117533
768;ENSG00000257923
769;ENSG00000214706
770;ENSG00000132424
771;ENSG00000075151
772;ENSG00000119537
773;ENSG00000187266
774;ENSG00000139436
775;ENSG00000122884
776;ENSG00000089154
777;ENSG00000095380
778;ENSG00000138668
779;ENSG00000025293
780;ENSG00000134318
781;ENSG00000007392
782;ENSG00000166340
783;ENSG00000089006
784;ENSG00000177084
785;ENSG00000100575
786;ENSG00000111554
787;ENSG00000125977
788;ENSG00000138764
789;ENSG00000213995
790;ENSG00000165195
791;ENSG00000114416
792;ENSG00000198799
793;ENSG00000116717
794;ENSG00000152642
795;ENSG00000137776
796;ENSG00000168067
797;ENSG00000127564
798;ENSG00000196367
799;ENSG00000186184
800;ENSG00000085511
801;ENSG00000213281
802;ENSG00000138279
803;ENSG00000172731
804;ENSG00000004779
805;ENSG00000008256
806;ENSG00000035403
807;ENSG00000100271
808;ENSG00000204138
809;ENSG00000155463
810;ENSG00000168036
811;ENSG00000083720
812;ENSG00000171617
813;ENSG00000136738
814;ENSG00000080546
815;ENSG00000135164
816;ENSG00000068383
817;ENSG00000126858
818;ENSG00000164109
819;ENSG00000106351
820;ENSG00000133275
821;ENSG00000120063
822;ENSG00000197299
823;ENSG00000058272
824;ENSG00000116830
825;ENSG00000165119
826;ENSG00000135446
827;ENSG00000131791
828;ENSG00000171163
829;ENSG00000104731
830;ENSG00000136536
831;ENSG00000106443
832;ENSG00000100030
833;ENSG00000105373
834;ENSG00000149179
835;ENSG00000147140
836;ENSG00000150782
837;ENSG00000152601
838;ENSG00000100142
839;ENSG00000136636
840;ENSG00000167775
841;ENSG00000117000
842;ENSG00000166197
843;ENSG00000044446
844;ENSG00000127191
845;ENSG00000137274
846;ENSG00000105447
847;ENSG00000140262
848;ENSG00000114026
849;ENSG00000147526
850;ENSG00000052841
851;ENSG00000146457
852;ENSG00000137497
853;ENSG00000132773
854;ENSG00000153113
855;ENSG00000116977
856;ENSG00000133026
857;ENSG00000169738
858;ENSG00000083535
859;ENSG00000087008
860;ENSG00000148634
861;ENSG00000085999
862;ENSG00000173674
863;ENSG00000004864
864;ENSG00000117500
865;ENSG00000114126
866;ENSG00000072849
867;ENSG00000076248
868;ENSG00000172725
869;ENSG00000104738
870;ENSG00000065883
871;ENSG00000042493
872;ENSG00000101654
873;ENSG00000172893
874;ENSG00000000460
875;ENSG00000002834
876;ENSG00000131238
877;ENSG00000163938
878;ENSG00000113269
879;ENSG00000033627
880;ENSG00000007541
881;ENSG00000146072
882;ENSG00000158169
883;ENSG00000198792
884;ENSG00000101868
885;ENSG00000119402
886;ENSG00000126215
887;ENSG00000163932
888;ENSG00000149591
889;ENSG00000127804
890;ENSG00000100422
891;ENSG00000104356
892;ENSG00000130311
893;ENSG00000112210
894;ENSG00000128059
895;ENSG00000163875
896;ENSG00000135932
897;ENSG00000171148
898;ENSG00000100330
899;ENSG00000119487
900;ENSG00000162032
901;ENSG00000105223
902;ENSG00000100813
903;ENSG00000167508
904;ENSG00000118855
905;ENSG00000137522
906;ENSG00000141034
907;ENSG00000197170
908;ENSG00000085224
909;ENSG00000148834
910;ENSG00000176095
911;ENSG00000184164
912;ENSG00000172059
913;ENSG00000142875
914;ENSG00000119986
915;ENSG00000174437
916;ENSG00000157869
917;ENSG00000168710
918;ENSG00000175198
919;ENSG00000153827
920;ENSG00000150995
921;ENSG00000103657
922;ENSG00000110047
923;ENSG00000089057
924;ENSG00000160050
925;ENSG00000102763
926;ENSG00000138182
927;ENSG00000118507
928;ENSG00000160957
929;ENSG00000131504
930;ENSG00000169857
931;ENSG00000167280
932;ENSG00000144711
933;ENSG00000087460
934;ENSG00000134686
935;ENSG00000169710
936;ENSG00000136813
937;ENSG00000133961
938;ENSG00000168495
939;ENSG00000121644
940;ENSG00000170581
941;ENSG00000175215
942;ENSG00000065243
943;ENSG00000035681
944;ENSG00000128590
945;ENSG00000073111
946;ENSG00000179833
947;ENSG00000184117
948;ENSG00000160193
949;ENSG00000087884
950;ENSG00000177000
951;ENSG00000083642
952;ENSG00000093167
953;ENSG00000137074
954;ENSG00000158161
955;ENSG00000100266
956;ENSG00000131100
957;ENSG00000171634
958;ENSG00000198793
959;ENSG00000137269
960;ENSG00000162377
961;ENSG00000077549
962;ENSG00000066322
963;ENSG00000066027
964;ENSG00000168216
965;ENSG00000116761
966;ENSG00000023902
967;ENSG00000141551
968;ENSG00000101935
969;ENSG00000203485
970;ENSG00000023516
971;ENSG00000171988
972;ENSG00000168701
973;ENSG00000078369
974;ENSG00000182923
975;ENSG00000116133
976;ENSG00000121671
977;ENSG00000011021
978;ENSG00000127483
979;ENSG00000179295
980;ENSG00000137509
981;ENSG00000138756
982;ENSG00000142102
983;ENSG00000184014
984;ENSG00000140612
985;ENSG00000133030
986;ENSG00000171490
987;ENSG00000122550
988;ENSG00000118816
989;ENSG00000154582
990;ENSG00000144283
991;ENSG00000095066
992;ENSG00000092094
993;ENSG00000197785
994;ENSG00000197548
995;ENSG00000038274
996;ENSG00000163512
997;ENSG00000078070
998;ENSG00000071189
999;ENSG00000146918
1000;ENSG00000130520
1001;ENSG00000108557
1002;ENSG00000114268
1003;ENSG00000111727
1004;ENSG00000138111
1005;ENSG00000112039
1006;ENSG00000153879
1007;ENSG00000129355
1008;ENSG00000187837
1009;ENSG00000161526
1010;ENSG00000164172
1011;ENSG00000064999
1012;ENSG00000032219
1013;ENSG00000064961
1014;ENSG00000213190
1015;ENSG00000160058
1016;ENSG00000205339
1017;ENSG00000165689
1018;ENSG00000099219
1019;ENSG00000139697
1020;ENSG00000090861
1021;ENSG00000160679
1022;ENSG00000136891
1023;ENSG00000112576
1024;ENSG00000170802
1025;ENSG00000167699
1026;ENSG00000152291
1027;ENSG00000139842
1028;ENSG00000142657
1029;ENSG00000078061
1030;ENSG00000003056
1031;ENSG00000110429
1032;ENSG00000102100
1033;ENSG00000172466
1034;ENSG00000072134
1035;ENSG00000184677
1036;ENSG00000107798
1037;ENSG00000107929
1038;ENSG00000049860
1039;ENSG00000127511
1040;ENSG00000196154
1041;ENSG00000082996
1042;ENSG00000149257
1043;ENSG00000198554
1044;ENSG00000182473
1045;ENSG00000150403
1046;ENSG00000221829
1047;ENSG00000130303
1048;ENSG00000114423
1049;ENSG00000153561
1050;ENSG00000160211
1051;ENSG00000198246
1052;ENSG00000136270
1053;ENSG00000105186
1054;ENSG00000169398
1055;ENSG00000178209
1056;ENSG00000096384
1057;ENSG00000104998
1058;ENSG00000064607
1059;ENSG00000105287
1060;ENSG00000099341
1061;ENSG00000054793
1062;ENSG00000115267
1063;ENSG00000166260
1064;ENSG00000150459
1065;ENSG00000157259
1066;ENSG00000047249
1067;ENSG00000136758
1068;ENSG00000121897
1069;ENSG00000173621
1070;ENSG00000099875
1071;ENSG00000110514
1072;ENSG00000092847
1073;ENSG00000104763
1074;ENSG00000115839
1075;ENSG00000120437
1076;ENSG00000215301
1077;ENSG00000148175
1078;ENSG00000120265
1079;ENSG00000215021
1080;ENSG00000185608
1081;ENSG00000174373
1082;ENSG00000144034
1083;ENSG00000118292
1084;ENSG00000103148
1085;ENSG00000088992
1086;ENSG00000078902
1087;ENSG00000204856
1088;ENSG00000115840
1089;ENSG00000101337
1090;ENSG00000147119
1091;ENSG00000142687
1092;ENSG00000159348
1093;ENSG00000084774
1094;ENSG00000061987
1095;ENSG00000100376
1096;ENSG00000197818
1097;ENSG00000168781
1098;ENSG00000148484
1099;ENSG00000136021
1100;ENSG00000107951
1101;ENSG00000125686
1102;ENSG00000119414
1103;ENSG00000127423
1104;ENSG00000132507
1105;ENSG00000103274
1106;ENSG00000073921
1107;ENSG00000144560
1108;ENSG00000156639
1109;ENSG00000101558
1110;ENSG00000100364
1111;ENSG00000104341
1112;ENSG00000100591
1113;ENSG00000163754
1114;ENSG00000113407
1115;ENSG00000101901
1116;ENSG00000108179
1117;ENSG00000163513
1118;ENSG00000181026
1119;ENSG00000167136
1120;ENSG00000130703
1121;ENSG00000151923
1122;ENSG00000197111
1123;ENSG00000056097
1124;ENSG00000166881
1125;ENSG00000162613
1126;ENSG00000171161
1127;ENSG00000166289
1128;ENSG00000119729
1129;ENSG00000167680
1130;ENSG00000204842
1131;ENSG00000180198
1132;ENSG00000011275
1133;ENSG00000130338
1134;ENSG00000004700
1135;ENSG00000102996
1136;ENSG00000157693
1137;ENSG00000138074
1138;ENSG00000152234
1139;ENSG00000197965
1140;ENSG00000132664
1141;ENSG00000145912
1142;ENSG00000134809
1143;ENSG00000188486
1144;ENSG00000034677
1145;ENSG00000128311
1146;ENSG00000143153
1147;ENSG00000159692
1148;ENSG00000116514
1149;ENSG00000180340
1150;ENSG00000050748
1151;ENSG00000137486
1152;ENSG00000114098
1153;ENSG00000101639
1154;ENSG00000120685
1155;ENSG00000146834
1156;ENSG00000125629
1157;ENSG00000100139
1158;ENSG00000196141
1159;ENSG00000166971
1160;ENSG00000197586
1161;ENSG00000115966
1162;ENSG00000112699
1163;ENSG00000149476
1164;ENSG00000012660
1165;ENSG00000085788
1166;ENSG00000145982
1167;ENSG00000111906
1168;ENSG00000075239
1169;ENSG00000068001
1170;ENSG00000181019
1171;ENSG00000136840
1172;ENSG00000064419
1173;ENSG00000143376
1174;ENSG00000118518
1175;ENSG00000174238
1176;ENSG00000075618
1177;ENSG00000182718
1178;ENSG00000189091
1179;ENSG00000100888
1180;ENSG00000082781
1181;ENSG00000158711
1182;ENSG00000103994
1183;ENSG00000153310
1184;ENSG00000122299
1185;ENSG00000245848
1186;ENSG00000113328
1187;ENSG00000017797
1188;ENSG00000005194
1189;ENSG00000138796
1190;ENSG00000100372
1191;ENSG00000125826
1192;ENSG00000153487
1193;ENSG00000142684
1194;ENSG00000111684
1195;ENSG00000165699
1196;ENSG00000119285
1197;ENSG00000067369
1198;ENSG00000080802
1199;ENSG00000179041
1200;ENSG00000164163
1201;ENSG00000185515
1202;ENSG00000159082
1203;ENSG00000162688
1204;ENSG00000079805
1205;ENSG00000100304
1206;ENSG00000111877
1207;ENSG00000100335
1208;ENSG00000087470
1209;ENSG00000167491
1210;ENSG00000134900
1211;ENSG00000123136
1212;ENSG00000163636
1213;ENSG00000170471
1214;ENSG00000072121
1215;ENSG00000214655
1216;ENSG00000117395
1217;ENSG00000121064
1218;ENSG00000131652
1219;ENSG00000064687
1220;ENSG00000154473
1221;ENSG00000124782
1222;ENSG00000119318
1223;ENSG00000015676
1224;ENSG00000136518
1225;ENSG00000100865
1226;ENSG00000103540
1227;ENSG00000116198
1228;ENSG00000159055
1229;ENSG00000043143
1230;ENSG00000119314
1231;ENSG00000112079
1232;ENSG00000100243
1233;ENSG00000096092
1234;ENSG00000125843
1235;ENSG00000168438
1236;ENSG00000070404
1237;ENSG00000143493
1238;ENSG00000076685
1239;ENSG00000147383
1240;ENSG00000170004
1241;ENSG00000123545
1242;ENSG00000144867
1243;ENSG00000111850
1244;ENSG00000082898
1245;ENSG00000108651
1246;ENSG00000059573
1247;ENSG00000168765
1248;ENSG00000157637
1249;ENSG00000162413
1250;ENSG00000011295
1251;ENSG00000173588
1252;ENSG00000111859
1253;ENSG00000106348
1254;ENSG00000132155
1255;ENSG00000169057
1256;ENSG00000160049
1257;ENSG00000214517
1258;ENSG00000102931
1259;ENSG00000007923
1260;ENSG00000184281
1261;ENSG00000168575
1262;ENSG00000141526
1263;ENSG00000146842
1264;ENSG00000131626
1265;ENSG00000120860
1266;ENSG00000142168
1267;ENSG00000166224
1268;ENSG00000103275
1269;ENSG00000116205
1270;ENSG00000138604
1271;ENSG00000091651
1272;ENSG00000138069
1273;ENSG00000103043
1274;ENSG00000117592
1275;ENSG00000178537
1276;ENSG00000070367
1277;ENSG00000197375
1278;ENSG00000080845
1279;ENSG00000109220
1280;ENSG00000123908
1281;ENSG00000047410
1282;ENSG00000198836
1283;ENSG00000077232
1284;ENSG00000100147
1285;ENSG00000125863
1286;ENSG00000177565
1287;ENSG00000129667
1288;ENSG00000125319
1289;ENSG00000198087
1290;ENSG00000112237
1291;ENSG00000102316
1292;ENSG00000004534
1293;ENSG00000166598
1294;ENSG00000059378
1295;ENSG00000184787
1296;ENSG00000103671
1297;ENSG00000088888
1298;ENSG00000116005
1299;ENSG00000005189
1300;ENSG00000028839
1301;ENSG00000153922
1302;ENSG00000163125
1303;ENSG00000115464
1304;ENSG00000128585
1305;ENSG00000100441
1306;ENSG00000132361
1307;ENSG00000101856
1308;ENSG00000066933
1309;ENSG00000101439
1310;ENSG00000102096
1311;ENSG00000184602
1312;ENSG00000178966
1313;ENSG00000143158
1314;ENSG00000029725
1315;ENSG00000100083
1316;ENSG00000117385
1317;ENSG00000132768
1318;ENSG00000123595
1319;ENSG00000054267
1320;ENSG00000116871
1321;ENSG00000071564
1322;ENSG00000113391
1323;ENSG00000085733
1324;ENSG00000105486
1325;ENSG00000160051
1326;ENSG00000165802
1327;ENSG00000114850
1328;ENSG00000177963
1329;ENSG00000112029
1330;ENSG00000126456
1331;ENSG00000145012
1332;ENSG00000050426
1333;ENSG00000146535
1334;ENSG00000039523
1335;ENSG00000145041
1336;ENSG00000126214
1337;ENSG00000149658
1338;ENSG00000161533
1339;ENSG00000168268
1340;ENSG00000138674
1341;ENSG00000116237
1342;ENSG00000153048
1343;ENSG00000128191
1344;ENSG00000151465
1345;ENSG00000135535
1346;ENSG00000126777
1347;ENSG00000160445
1348;ENSG00000127666
1349;ENSG00000165175
1350;ENSG00000163935
1351;ENSG00000112078
1352;ENSG00000185340
1353;ENSG00000103342
1354;ENSG00000124596
1355;ENSG00000162062
1356;ENSG00000099330
1357;ENSG00000156256
1358;ENSG00000121957
1359;ENSG00000168795
1360;ENSG00000189060
1361;ENSG00000132466
1362;ENSG00000198265
1363;ENSG00000128595
1364;ENSG00000111348
1365;ENSG00000139083
1366;ENSG00000163714
1367;ENSG00000108312
1368;ENSG00000166166
1369;ENSG00000114767
1370;ENSG00000127125
1371;ENSG00000241973
1372;ENSG00000117475
1373;ENSG00000117523
1374;ENSG00000167085
1375;ENSG00000109534
1376;ENSG00000100029
1377;ENSG00000163946
1378;ENSG00000133226
1379;ENSG00000075413
1380;ENSG00000124357
1381;ENSG00000005339
1382;ENSG00000136044
1383;ENSG00000145214
1384;ENSG00000061936
1385;ENSG00000138448
1386;ENSG00000196498
1387;ENSG00000137996
1388;ENSG00000156642
1389;ENSG00000182197
1390;ENSG00000180957
1391;ENSG00000088826
1392;ENSG00000137574
1393;ENSG00000119878
1394;ENSG00000130254
1395;ENSG00000184708
1396;ENSG00000113300
1397;ENSG00000170266
1398;ENSG00000108064
1399;ENSG00000115275
1400;ENSG00000027697
1401;ENSG00000165283
1402;ENSG00000025434
1403;ENSG00000147955
1404;ENSG00000141577
1405;ENSG00000155008
1406;ENSG00000136935
1407;ENSG00000115525
1408;ENSG00000128050
1409;ENSG00000161813
1410;ENSG00000041880
1411;ENSG00000124151
1412;ENSG00000138413
1413;ENSG00000156958
1414;ENSG00000080815
1415;ENSG00000115806
1416;ENSG00000125952
1417;ENSG00000130779
1418;ENSG00000186153
1419;ENSG00000157184
1420;ENSG00000111652
1421;ENSG00000186908
1422;ENSG00000145730
1423;ENSG00000180104
1424;ENSG00000205937
1425;ENSG00000101945
1426;ENSG00000115756
1427;ENSG00000107537
1428;ENSG00000135315
1429;ENSG00000120837
1430;ENSG00000181938
1431;ENSG00000033867
1432;ENSG00000137275
1433;ENSG00000122779
1434;ENSG00000100664
1435;ENSG00000101150
1436;ENSG00000174442
1437;ENSG00000143771
1438;ENSG00000148218
1439;ENSG00000105875
1440;ENSG00000062650
1441;ENSG00000111669
1442;ENSG00000176390
1443;ENSG00000175183
1444;ENSG00000116459
1445;ENSG00000198931
1446;ENSG00000047578
1447;ENSG00000062598
1448;ENSG00000100577
1449;ENSG00000072415
1450;ENSG00000134186
1451;ENSG00000132661
1452;ENSG00000198825
1453;ENSG00000104859
1454;ENSG00000100347
1455;ENSG00000071794
1456;ENSG00000100263
1457;ENSG00000128989
1458;ENSG00000105677
1459;ENSG00000066777
1460;ENSG00000171174
1461;ENSG00000141258
1462;ENSG00000140382
1463;ENSG00000105778
1464;ENSG00000165516
1465;ENSG00000108559
1466;ENSG00000145439
1467;ENSG00000178605
1468;ENSG00000174652
1469;ENSG00000100038
1470;ENSG00000160613
1471;ENSG00000033170
1472;ENSG00000068079
1473;ENSG00000125485
1474;ENSG00000064666
1475;ENSG00000092621
1476;ENSG00000119004
1477;ENSG00000091127
1478;ENSG00000103496
1479;ENSG00000183751
1480;ENSG00000156261
1481;ENSG00000083444
1482;ENSG00000169231
1483;ENSG00000169871
1484;ENSG00000028310
1485;ENSG00000004866
1486;ENSG00000121067
1487;ENSG00000198839
1488;ENSG00000137825
1489;ENSG00000127980
1490;ENSG00000129691
1491;ENSG00000160703
1492;ENSG00000135912
1493;ENSG00000116750
1494;ENSG00000133027
1495;ENSG00000070770
1496;ENSG00000155097
1497;ENSG00000173065
1498;ENSG00000071054
1499;ENSG00000177192
1500;ENSG00000112249
1501;ENSG00000132640
1502;ENSG00000196704
1503;ENSG00000143799
1504;ENSG00000115310
1505;ENSG00000068878
1506;ENSG00000137817
1507;ENSG00000163719
1508;ENSG00000198721
1509;ENSG00000178814
1510;ENSG00000181789
1511;ENSG00000167193
1512;ENSG00000144674
1513;ENSG00000177169
1514;ENSG00000065268
1515;ENSG00000090097
1516;ENSG00000183520
1517;ENSG00000126602
1518;ENSG00000170348
1519;ENSG00000124635
1520;ENSG00000163539
1521;ENSG00000169714
1522;ENSG00000100994
1523;ENSG00000139131
1524;ENSG00000165804
1525;ENSG00000111011
1526;ENSG00000165271
1527;ENSG00000100612
1528;ENSG00000120053
1529;ENSG00000081721
1530;ENSG00000094880
1531;ENSG00000127452
1532;ENSG00000115091
1533;ENSG00000079432
1534;ENSG00000186871
1535;ENSG00000118007
1536;ENSG00000163703
1537;ENSG00000101220
1538;ENSG00000112110
1539;ENSG00000135387
1540;ENSG00000134909
1541;ENSG00000230989
1542;ENSG00000136856
1543;ENSG00000143198
1544;ENSG00000138081
1545;ENSG00000120910
1546;ENSG00000106404
1547;ENSG00000036549
1548;ENSG00000180879
1549;ENSG00000174446
1550;ENSG00000110274
1551;ENSG00000058262
1552;ENSG00000087502
1553;ENSG00000065485
1554;ENSG00000137055
1555;ENSG00000111880
1556;ENSG00000122545
1557;ENSG00000204217
1558;ENSG00000140307
1559;ENSG00000171603
1560;ENSG00000079739
1561;ENSG00000177981
1562;ENSG00000107175
1563;ENSG00000113810
1564;ENSG00000109323
1565;ENSG00000100714
1566;ENSG00000169826
1567;ENSG00000163479
1568;ENSG00000067182
1569;ENSG00000188786
1570;ENSG00000160688
1571;ENSG00000114491
1572;ENSG00000242485
1573;ENSG00000075539
1574;ENSG00000197081
1575;ENSG00000130713
1576;ENSG00000021574
1577;ENSG00000197746
1578;ENSG00000101391
1579;ENSG00000123737
1580;ENSG00000102119
1581;ENSG00000132763
1582;ENSG00000157191
1583;ENSG00000133872
1584;ENSG00000112367
1585;ENSG00000092978
1586;ENSG00000167967
1587;ENSG00000100075
1588;ENSG00000125744
1589;ENSG00000139687
1590;ENSG00000082068
1591;ENSG00000165264
1592;ENSG00000103197
1593;ENSG00000127527
1594;ENSG00000171914
1595;ENSG00000156587
1596;ENSG00000115364
1597;ENSG00000108561
1598;ENSG00000171608
1599;ENSG00000188690
1600;ENSG00000198522
1601;ENSG00000198369
1602;ENSG00000168092
1603;ENSG00000119862
1604;ENSG00000136875
1605;ENSG00000005889
1606;ENSG00000164331
1607;ENSG00000104299
1608;ENSG00000067225
1609;ENSG00000104852
1610;ENSG00000138750
1611;ENSG00000109572
1612;ENSG00000130787
1613;ENSG00000100697
1614;ENSG00000085760
1615;ENSG00000176834
1616;ENSG00000107959
1617;ENSG00000169217
1618;ENSG00000172053
1619;ENSG00000173145
1620;ENSG00000107140
1621;ENSG00000164190
1622;ENSG00000132541
1623;ENSG00000111247
1624;ENSG00000179604
1625;ENSG00000198142
1626;ENSG00000169696
1627;ENSG00000139644
1628;ENSG00000198060
1629;ENSG00000164576
1630;ENSG00000113441
1631;ENSG00000137942
1632;ENSG00000187840
1633;ENSG00000149269
1634;ENSG00000196821
1635;ENSG00000077254
1636;ENSG00000166575
1637;ENSG00000095319
1638;ENSG00000176476
1639;ENSG00000165494
1640;ENSG00000090013
1641;ENSG00000142409
1642;ENSG00000079462
1643;ENSG00000046651
1644;ENSG00000174444
1645;ENSG00000126243
1646;ENSG00000125691
1647;ENSG00000107938
1648;ENSG00000107566
1649;ENSG00000070081
1650;ENSG00000084676
1651;ENSG00000172493
1652;ENSG00000096433
1653;ENSG00000185722
1654;ENSG00000137207
1655;ENSG00000117859
1656;ENSG00000168487
1657;ENSG00000152556
1658;ENSG00000117054
1659;ENSG00000164167
1660;ENSG00000124789
1661;ENSG00000127993
1662;ENSG00000105254
1663;ENSG00000115942
1664;ENSG00000156239
1665;ENSG00000198130
1666;ENSG00000115365
1667;ENSG00000070718
1668;ENSG00000106477
1669;ENSG00000198589
1670;ENSG00000165671
1671;ENSG00000015532
1672;ENSG00000140750
1673;ENSG00000148908
1674;ENSG00000101442
1675;ENSG00000170522
1676;ENSG00000128791
1677;ENSG00000119640
1678;ENSG00000147224
1679;ENSG00000135916
1680;ENSG00000134253
1681;ENSG00000097021
1682;ENSG00000072786
1683;ENSG00000196712
1684;ENSG00000106397
1685;ENSG00000145022
1686;ENSG00000124766
1687;ENSG00000169188
1688;ENSG00000183726
1689;ENSG00000161980
1690;ENSG00000113460
1691;ENSG00000100462
1692;ENSG00000160710
1693;ENSG00000162384
1694;ENSG00000148468
1695;ENSG00000111142
1696;ENSG00000113384
1697;ENSG00000132471
1698;ENSG00000007168
1699;ENSG00000113387
1700;ENSG00000095261
1701;ENSG00000064199
1702;ENSG00000186866
1703;ENSG00000185024
1704;ENSG00000166557
1705;ENSG00000157216
1706;ENSG00000032444
1707;ENSG00000005801
1708;ENSG00000111696
1709;ENSG00000092531
1710;ENSG00000087095
1711;ENSG00000151849
1712;ENSG00000136754
1713;ENSG00000182199
1714;ENSG00000204237
1715;ENSG00000122042
1716;ENSG00000106733
1717;ENSG00000106245
1718;ENSG00000165280
1719;ENSG00000108424
1720;ENSG00000082701
1721;ENSG00000100578
1722;ENSG00000135108
1723;ENSG00000196839
1724;ENSG00000027001
1725;ENSG00000178252
1726;ENSG00000183763
1727;ENSG00000072736
1728;ENSG00000134697
1729;ENSG00000156304
1730;ENSG00000135473
1731;ENSG00000138399
1732;ENSG00000178096
1733;ENSG00000130332
1734;ENSG00000164978
1735;ENSG00000132382
1736;ENSG00000069275
1737;ENSG00000148229
1738;ENSG00000188313
1739;ENSG00000063176
1740;ENSG00000122678
1741;ENSG00000101266
1742;ENSG00000130939
1743;ENSG00000108094
1744;ENSG00000136861
1745;ENSG00000143156
1746;ENSG00000118900
1747;ENSG00000160226
1748;ENSG00000175416
1749;ENSG00000168827
1750;ENSG00000198055
1751;ENSG00000112759
1752;ENSG00000149187
1753;ENSG00000197930
1754;ENSG00000082213
1755;ENSG00000114978
1756;ENSG00000112335
1757;ENSG00000124532
1758;ENSG00000134779
1759;ENSG00000115524
1760;ENSG00000196352
1761;ENSG00000158195
1762;ENSG00000177156
1763;ENSG00000011304
1764;ENSG00000137076
1765;ENSG00000159346
1766;ENSG00000113318
1767;ENSG00000160908
1768;ENSG00000141568
1769;ENSG00000177889
1770;ENSG00000179091
1771;ENSG00000066422
1772;ENSG00000168411
1773;ENSG00000129158
1774;ENSG00000198740
1775;ENSG00000125877
1776;ENSG00000197429
1777;ENSG00000102893
1778;ENSG00000109089
1779;ENSG00000196290
1780;ENSG00000127220
1781;ENSG00000175130
1782;ENSG00000128309
1783;ENSG00000076043
1784;ENSG00000147416
1785;ENSG00000197747
1786;ENSG00000117569
1787;ENSG00000074356
1788;ENSG00000146872
1789;ENSG00000176871
1790;ENSG00000056972
1791;ENSG00000173473
1792;ENSG00000074755
1793;ENSG00000136628
1794;ENSG00000171067
1795;ENSG00000067533
1796;ENSG00000105656
1797;ENSG00000141279
1798;ENSG00000074054
1799;ENSG00000141696
1800;ENSG00000138382
1801;ENSG00000094631
1802;ENSG00000184076
1803;ENSG00000100749
1804;ENSG00000025772
1805;ENSG00000100242
1806;ENSG00000166821
1807;ENSG00000139531
1808;ENSG00000213341
1809;ENSG00000107960
1810;ENSG00000134825
1811;ENSG00000161542
1812;ENSG00000076928
1813;ENSG00000137504
1814;ENSG00000126067
1815;ENSG00000126773
1816;ENSG00000179918
1817;ENSG00000143774
1818;ENSG00000103365
1819;ENSG00000123352
1820;ENSG00000121073
1821;ENSG00000224051
1822;ENSG00000104980
1823;ENSG00000167657
1824;ENSG00000111711
1825;ENSG00000090487
1826;ENSG00000115484
1827;ENSG00000102900
1828;ENSG00000150401
1829;ENSG00000122965
1830;ENSG00000102226
1831;ENSG00000125827
1832;ENSG00000068323
1833;ENSG00000103876
1834;ENSG00000151461
1835;ENSG00000100360
1836;ENSG00000153317
1837;ENSG00000086065
1838;ENSG00000177971
1839;ENSG00000134684
1840;ENSG00000119689
1841;ENSG00000119522
1842;ENSG00000115504
1843;ENSG00000136271
1844;ENSG00000171503
1845;ENSG00000161638
1846;ENSG00000074603
1847;ENSG00000031691
1848;ENSG00000001497
1849;ENSG00000164934
1850;ENSG00000134001
1851;ENSG00000064102
1852;ENSG00000137764
1853;ENSG00000106554
1854;ENSG00000158793
1855;ENSG00000140386
1856;ENSG00000154945
1857;ENSG00000156345
1858;ENSG00000068697
1859;ENSG00000105355
1860;ENSG00000176619
1861;ENSG00000140943
1862;ENSG00000115084
1863;ENSG00000100348
1864;ENSG00000167658
1865;ENSG00000186591
1866;ENSG00000106524
1867;ENSG00000108669
1868;ENSG00000186106
1869;ENSG00000184840
1870;ENSG00000172113
1871;ENSG00000143537
1872;ENSG00000100393
1873;ENSG00000064115
1874;ENSG00000225921
1875;ENSG00000142856
1876;ENSG00000101365
1877;ENSG00000135336
1878;ENSG00000057608
1879;ENSG00000105258
1880;ENSG00000160584
1881;ENSG00000105559
1882;ENSG00000100796
1883;ENSG00000169764
1884;ENSG00000115993
1885;ENSG00000135966
1886;ENSG00000068438
1887;ENSG00000120705
1888;ENSG00000049167
1889;ENSG00000159322
1890;ENSG00000128708
1891;ENSG00000110955
1892;ENSG00000103335
1893;ENSG00000115947
1894;ENSG00000009954
1895;ENSG00000101557
1896;ENSG00000101911
1897;ENSG00000100324
1898;ENSG00000141867
1899;ENSG00000206560
1900;ENSG00000119812
1901;ENSG00000092208
1902;ENSG00000064651
1903;ENSG00000055070
1904;ENSG00000141378
1905;ENSG00000117751
1906;ENSG00000119977
1907;ENSG00000110108
1908;ENSG00000063245
1909;ENSG00000138363
1910;ENSG00000082014
1911;ENSG00000076944
1912;ENSG00000117748
1913;ENSG00000198042
1914;ENSG00000137364
1915;ENSG00000150967
1916;ENSG00000158863
1917;ENSG00000183495
1918;ENSG00000101474
1919;ENSG00000071462
1920;ENSG00000110917
1921;ENSG00000164105
1922;ENSG00000172795
1923;ENSG00000174606
1924;ENSG00000168564
1925;ENSG00000142546
1926;ENSG00000185627
1927;ENSG00000105135
1928;ENSG00000141759
1929;ENSG00000171298
1930;ENSG00000165669
1931;ENSG00000116017
1932;ENSG00000006007
1933;ENSG00000124299
1934;ENSG00000119844
1935;ENSG00000065526
1936;ENSG00000104973
1937;ENSG00000175048
1938;ENSG00000175470
1939;ENSG00000117877
1940;ENSG00000141232
1941;ENSG00000142507
1942;ENSG00000104964
1943;ENSG00000105281
1944;ENSG00000143033
1945;ENSG00000143337
1946;ENSG00000186141
1947;ENSG00000103852
1948;ENSG00000129484
1949;ENSG00000115216
1950;ENSG00000120942
1951;ENSG00000166794
1952;ENSG00000105698
1953;ENSG00000129933
1954;ENSG00000130005
1955;ENSG00000134291
1956;ENSG00000107020
1957;ENSG00000146476
1958;ENSG00000135250
1959;ENSG00000179335
1960;ENSG00000163686
1961;ENSG00000113734
1962;ENSG00000111875
1963;ENSG00000136816
1964;ENSG00000125741
1965;ENSG00000170638
1966;ENSG00000074696
1967;ENSG00000143224
1968;ENSG00000076242
1969;ENSG00000173726
1970;ENSG00000166619
1971;ENSG00000115425
1972;ENSG00000087087
1973;ENSG00000166848
1974;ENSG00000144567
1975;ENSG00000184436
1976;ENSG00000120709
1977;ENSG00000071655
1978;ENSG00000177663
1979;ENSG00000136810
1980;ENSG00000109466
1981;ENSG00000013583
1982;ENSG00000108518
1983;ENSG00000123415
1984;ENSG00000116406
1985;ENSG00000119705
1986;ENSG00000108469
1987;ENSG00000168256
1988;ENSG00000167291
1989;ENSG00000063854
1990;ENSG00000108788
1991;ENSG00000151779
1992;ENSG00000185728
1993;ENSG00000184967
1994;ENSG00000106105
1995;ENSG00000106052
1996;ENSG00000113658
1997;ENSG00000175550
1998;ENSG00000122515
1999;ENSG00000136925
2000;ENSG00000187626
2001;ENSG00000137073
2002;ENSG00000100104
2003;ENSG00000144028
2004;ENSG00000115211
2005;ENSG00000153885
2006;ENSG00000100991
2007;ENSG00000184381
2008;ENSG00000122490
2009;ENSG00000163399
2010;ENSG00000067248
2011;ENSG00000106330
2012;ENSG00000143793
2013;ENSG00000105676
2014;ENSG00000136143
2015;ENSG00000131116
2016;ENSG00000131591
2017;ENSG00000196743
2018;ENSG00000165704
2019;ENSG00000117222
2020;ENSG00000032389
2021;ENSG00000100815
2022;ENSG00000189306
2023;ENSG00000141456
2024;ENSG00000134375
2025;ENSG00000141367
2026;ENSG00000138085
2027;ENSG00000168374
2028;ENSG00000064545
2029;ENSG00000185187
2030;ENSG00000110330
2031;ENSG00000151422
2032;ENSG00000138073
2033;ENSG00000119777
2034;ENSG00000125458
2035;ENSG00000104671
2036;ENSG00000013288
2037;ENSG00000168090
2038;ENSG00000172775
2039;ENSG00000134644
2040;ENSG00000108604
2041;ENSG00000102054
2042;ENSG00000154229
2043;ENSG00000070423
2044;ENSG00000121774
2045;ENSG00000127054
2046;ENSG00000115514
2047;ENSG00000100711
2048;ENSG00000131374
2049;ENSG00000166226
2050;ENSG00000151093
2051;ENSG00000156253
2052;ENSG00000172009
2053;ENSG00000108091
2054;ENSG00000143499
2055;ENSG00000106089
2056;ENSG00000125835
2057;ENSG00000088682
2058;ENSG00000148384
2059;ENSG00000109736
2060;ENSG00000105341
2061;ENSG00000181852
2062;ENSG00000196199
2063;ENSG00000100596
2064;ENSG00000119912
2065;ENSG00000196284
2066;ENSG00000138594
2067;ENSG00000124226
2068;ENSG00000173511
2069;ENSG00000117360
2070;ENSG00000169032
2071;ENSG00000148660
2072;ENSG00000169692
2073;ENSG00000176393
2074;ENSG00000166024
2075;ENSG00000204852
2076;ENSG00000135698
2077;ENSG00000166925
2078;ENSG00000213339
2079;ENSG00000096717
2080;ENSG00000169750
2081;ENSG00000099917
2082;ENSG00000097007
2083;ENSG00000102967
2084;ENSG00000033030
2085;ENSG00000075240
2086;ENSG00000081913
2087;ENSG00000101986
2088;ENSG00000117602
2089;ENSG00000111802
2090;ENSG00000050393
2091;ENSG00000087274
2092;ENSG00000100567
2093;ENSG00000163870
2094;ENSG00000173889
2095;ENSG00000159063
2096;ENSG00000143621
2097;ENSG00000106144
2098;ENSG00000055130
2099;ENSG00000164896
2100;ENSG00000187147
2101;ENSG00000174799
2102;ENSG00000104497
2103;ENSG00000084754
2104;ENSG00000167106
2105;ENSG00000115317
2106;ENSG00000127616
2107;ENSG00000105771
2108;ENSG00000177082
2109;ENSG00000158710
2110;ENSG00000169762
2111;ENSG00000046647
2112;ENSG00000102218
2113;ENSG00000112941
2114;ENSG00000178950
2115;ENSG00000105879
2116;ENSG00000167380
2117;ENSG00000170779
2118;ENSG00000108960
2119;ENSG00000169718
2120;ENSG00000148985
2121;ENSG00000177054
2122;ENSG00000157916
2123;ENSG00000116698
2124;ENSG00000104320
2125;ENSG00000101843
2126;ENSG00000023041
2127;ENSG00000089289
2128;ENSG00000039650
2129;ENSG00000147649
2130;ENSG00000159720
2131;ENSG00000182158
2132;ENSG00000116898
2133;ENSG00000122126
2134;ENSG00000167535
2135;ENSG00000105705
2136;ENSG00000140992
2137;ENSG00000168488
2138;ENSG00000163344
2139;ENSG00000103066
2140;ENSG00000087338
2141;ENSG00000155324
2142;ENSG00000085719
2143;ENSG00000155229
2144;ENSG00000180901
2145;ENSG00000181104
2146;ENSG00000153029
2147;ENSG00000100425
2148;ENSG00000120800
2149;ENSG00000118762
2150;ENSG00000104660
2151;ENSG00000121060
2152;ENSG00000178057
2153;ENSG00000165672
2154;ENSG00000117153
2155;ENSG00000081760
2156;ENSG00000145833
2157;ENSG00000119041
2158;ENSG00000171456
2159;ENSG00000011405
2160;ENSG00000071626
2161;ENSG00000079277
2162;ENSG00000053770
2163;ENSG00000168476
2164;ENSG00000169223
2165;ENSG00000126883
2166;ENSG00000133059
2167;ENSG00000167272
2168;ENSG00000162368
2169;ENSG00000075415
2170;ENSG00000138375
2171;ENSG00000102572
2172;ENSG00000221914
2173;ENSG00000133773
2174;ENSG00000023734
2175;ENSG00000114331
2176;ENSG00000100387
2177;ENSG00000177666
2178;ENSG00000117448
2179;ENSG00000083635
2180;ENSG00000005238
2181;ENSG00000229809
2182;ENSG00000042088
2183;ENSG00000144120
2184;ENSG00000158019
2185;ENSG00000198646
2186;ENSG00000158234
2187;ENSG00000151748
2188;ENSG00000163444
2189;ENSG00000128534
2190;ENSG00000163913
2191;ENSG00000088247
2192;ENSG00000077348
2193;ENSG00000103051
2194;ENSG00000144746
2195;ENSG00000182704
2196;ENSG00000099864
2197;ENSG00000112624
2198;ENSG00000160917
2199;ENSG00000100601
2200;ENSG00000136451
2201;ENSG00000013563
2202;ENSG00000049541
2203;ENSG00000102910
2204;ENSG00000002919
2205;ENSG00000130816
2206;ENSG00000132792
2207;ENSG00000092820
2208;ENSG00000032742
2209;ENSG00000175224
2210;ENSG00000159461
2211;ENSG00000135686
2212;ENSG00000106617
2213;ENSG00000176108
2214;ENSG00000183475
2215;ENSG00000041802
2216;ENSG00000067365
2217;ENSG00000100983
2218;ENSG00000135723
2219;ENSG00000130956
2220;ENSG00000123268
2221;ENSG00000102753
2222;ENSG00000015153
2223;ENSG00000140521
2224;ENSG00000102921
2225;ENSG00000198162
2226;ENSG00000184205
2227;ENSG00000169020
2228;ENSG00000150779
2229;ENSG00000101166
2230;ENSG00000101199
2231;ENSG00000156860
2232;ENSG00000185838
2233;ENSG00000012983
2234;ENSG00000156502
2235;ENSG00000143952
2236;ENSG00000073060
2237;ENSG00000090266
2238;ENSG00000112146
2239;ENSG00000158006
2240;ENSG00000166747
2241;ENSG00000070366
2242;ENSG00000197043
2243;ENSG00000108828
2244;ENSG00000012061
2245;ENSG00000105576
2246;ENSG00000166228
2247;ENSG00000117280
2248;ENSG00000006712
2249;ENSG00000112242
2250;ENSG00000168958
2251;ENSG00000114982
2252;ENSG00000004142
2253;ENSG00000128951
2254;ENSG00000077097
2255;ENSG00000138642
2256;ENSG00000109184
2257;ENSG00000134815
2258;ENSG00000120533
2259;ENSG00000127445
2260;ENSG00000148719
2261;ENSG00000130024
2262;ENSG00000083857
2263;ENSG00000103257
2264;ENSG00000001167
2265;ENSG00000168556
2266;ENSG00000097033
2267;ENSG00000165916
2268;ENSG00000122873
2269;ENSG00000197562
2270;ENSG00000145907
2271;ENSG00000100325
2272;ENSG00000113758
2273;ENSG00000143437
2274;ENSG00000115866
2275;ENSG00000160113
2276;ENSG00000115170
2277;ENSG00000113583
2278;ENSG00000101811
2279;ENSG00000198689
2280;ENSG00000163558
2281;ENSG00000143126
2282;ENSG00000151414
2283;ENSG00000126226
2284;ENSG00000107164
2285;ENSG00000130312
2286;ENSG00000176248
2287;ENSG00000126457
2288;ENSG00000106399
2289;ENSG00000182185
2290;ENSG00000143486
2291;ENSG00000175110
2292;ENSG00000099331
2293;ENSG00000092096
2294;ENSG00000086504
2295;ENSG00000074071
2296;ENSG00000108582
2297;ENSG00000101367
2298;ENSG00000178921
2299;ENSG00000115568
2300;ENSG00000125779
2301;ENSG00000071553
2302;ENSG00000145293
2303;ENSG00000167720
2304;ENSG00000065613
2305;ENSG00000164587
2306;ENSG00000129250
2307;ENSG00000014824
2308;ENSG00000073536
2309;ENSG00000165525
2310;ENSG00000163466
2311;ENSG00000075188
2312;ENSG00000099804
2313;ENSG00000101473
2314;ENSG00000156873
2315;ENSG00000113194
2316;ENSG00000136521
2317;ENSG00000110075
2318;ENSG00000102125
2319;ENSG00000188677
2320;ENSG00000038532
2321;ENSG00000176407
2322;ENSG00000112365
2323;ENSG00000119720
2324;ENSG00000108671
2325;ENSG00000168286
2326;ENSG00000069966
2327;ENSG00000168175
2328;ENSG00000147536
2329;ENSG00000168214
2330;ENSG00000128694
2331;ENSG00000109519
2332;ENSG00000070614
2333;ENSG00000131828
2334;ENSG00000141030
2335;ENSG00000126768
2336;ENSG00000196396
2337;ENSG00000103145
2338;ENSG00000107949
2339;ENSG00000167173
2340;ENSG00000150787
2341;ENSG00000141543
2342;ENSG00000143164
2343;ENSG00000132906
2344;ENSG00000112697
2345;ENSG00000146733
2346;ENSG00000100227
2347;ENSG00000116213
2348;ENSG00000123191
2349;ENSG00000172667
2350;ENSG00000197045
2351;ENSG00000170860
2352;ENSG00000168806
2353;ENSG00000164051
2354;ENSG00000069869
2355;ENSG00000196459
2356;ENSG00000140400
2357;ENSG00000141452
2358;ENSG00000105176
2359;ENSG00000074582
2360;ENSG00000119231
2361;ENSG00000133641
2362;ENSG00000138777
2363;ENSG00000031823
2364;ENSG00000164068
2365;ENSG00000075945
2366;ENSG00000136930
2367;ENSG00000138029
2368;ENSG00000104886
2369;ENSG00000169251
2370;ENSG00000182087
2371;ENSG00000068796
2372;ENSG00000174243
2373;ENSG00000101888
2374;ENSG00000084652
2375;ENSG00000150961
2376;ENSG00000112282
2377;ENSG00000173402
2378;ENSG00000185504
2379;ENSG00000125450
2380;ENSG00000106333
2381;ENSG00000187555
2382;ENSG00000119431
2383;ENSG00000108528
2384;ENSG00000109606
2385;ENSG00000108395
2386;ENSG00000164654
2387;ENSG00000117697
2388;ENSG00000126261
2389;ENSG00000126870
2390;ENSG00000129925
2391;ENSG00000170310
2392;ENSG00000188342
2393;ENSG00000132275
2394;ENSG00000165688
2395;ENSG00000111897
2396;ENSG00000132912
2397;ENSG00000082258
2398;ENSG00000064313
2399;ENSG00000120688
2400;ENSG00000100216
2401;ENSG00000139620
2402;ENSG00000028528
2403;ENSG00000140365
2404;ENSG00000136485
2405;ENSG00000031698
2406;ENSG00000168884
2407;ENSG00000164930
2408;ENSG00000110080
2409;ENSG00000118600
2410;ENSG00000138768
2411;ENSG00000108599
2412;ENSG00000114573
2413;ENSG00000143321
2414;ENSG00000137414
2415;ENSG00000174720
2416;ENSG00000132294
2417;ENSG00000115307
2418;ENSG00000126003
2419;ENSG00000187446
2420;ENSG00000155368
2421;ENSG00000132781
2422;ENSG00000078142
2423;ENSG00000110395
2424;ENSG00000166847
2425;ENSG00000124486
2426;ENSG00000088035
2427;ENSG00000221838
2428;ENSG00000144048
2429;ENSG00000070761
2430;ENSG00000132952
2431;ENSG00000137947
2432;ENSG00000162073
2433;ENSG00000111596
2434;ENSG00000114316
2435;ENSG00000163785
2436;ENSG00000132670
2437;ENSG00000146826
2438;ENSG00000100294
2439;ENSG00000123066
2440;ENSG00000120868
2441;ENSG00000167671
2442;ENSG00000135249
2443;ENSG00000085377
2444;ENSG00000170275
2445;ENSG00000050405
2446;ENSG00000123983
2447;ENSG00000150712
2448;ENSG00000196700
2449;ENSG00000167202
2450;ENSG00000145996
2451;ENSG00000157978
2452;ENSG00000145088
2453;ENSG00000174791
2454;ENSG00000168040
2455;ENSG00000129245
2456;ENSG00000104960
2457;ENSG00000143374
2458;ENSG00000081870
2459;ENSG00000088305
2460;ENSG00000008282
2461;ENSG00000165282
2462;ENSG00000165912
2463;ENSG00000108515
2464;ENSG00000132589
2465;ENSG00000174891
2466;ENSG00000075785
2467;ENSG00000138443
2468;ENSG00000151247
2469;ENSG00000197102
2470;ENSG00000117505
2471;ENSG00000114956
2472;ENSG00000103174
2473;ENSG00000066427
2474;ENSG00000090863
2475;ENSG00000139190
2476;ENSG00000141580
2477;ENSG00000120697
2478;ENSG00000129347
2479;ENSG00000101158
2480;ENSG00000181274
2481;ENSG00000144659
2482;ENSG00000135775
2483;ENSG00000087053
2484;ENSG00000057663
2485;ENSG00000005302
2486;ENSG00000167685
2487;ENSG00000188352
2488;ENSG00000163781
2489;ENSG00000143457
2490;ENSG00000163872
2491;ENSG00000092931
2492;ENSG00000131931
2493;ENSG00000111144
2494;ENSG00000165792
2495;ENSG00000069849
2496;ENSG00000121749
2497;ENSG00000162607
2498;ENSG00000117597
2499;ENSG00000143314
2500;ENSG00000172270
2501;ENSG00000197324
2502;ENSG00000067560
2503;ENSG00000006194
2504;ENSG00000121964
2505;ENSG00000182858
2506;ENSG00000175582
2507;ENSG00000179941
2508;ENSG00000184209
2509;ENSG00000186566
2510;ENSG00000139505
2511;ENSG00000167196
2512;ENSG00000132825
2513;ENSG00000080345
2514;ENSG00000119392
2515;ENSG00000061938
2516;ENSG00000164885
2517;ENSG00000105556
2518;ENSG00000116353
2519;ENSG00000172465
2520;ENSG00000185808
2521;ENSG00000132388
2522;ENSG00000106392
2523;ENSG00000140395
2524;ENSG00000008324
2525;ENSG00000060688
2526;ENSG00000100280
2527;ENSG00000135945
2528;ENSG00000169241
2529;ENSG00000104375
2530;ENSG00000125304
2531;ENSG00000142166
2532;ENSG00000136643
2533;ENSG00000130227
2534;ENSG00000165487
2535;ENSG00000166949
2536;ENSG00000137221
2537;ENSG00000058799
2538;ENSG00000134250
2539;ENSG00000168883
2540;ENSG00000126458
2541;ENSG00000171861
2542;ENSG00000178802
2543;ENSG00000178927
2544;ENSG00000104643
2545;ENSG00000103510
2546;ENSG00000165684
2547;ENSG00000112996
2548;ENSG00000117713
2549;ENSG00000164024
2550;ENSG00000108479
2551;ENSG00000086232
2552;ENSG00000185896
2553;ENSG00000140575
2554;ENSG00000182117
2555;ENSG00000177239
2556;ENSG00000042445
2557;ENSG00000113456
2558;ENSG00000103769
2559;ENSG00000171824
2560;ENSG00000111615
2561;ENSG00000081307
2562;ENSG00000114784
2563;ENSG00000120896
2564;ENSG00000117362
2565;ENSG00000125445
2566;ENSG00000181830
2567;ENSG00000103507
2568;ENSG00000088256
2569;ENSG00000081087
2570;ENSG00000091140
2571;ENSG00000124562
2572;ENSG00000169372
2573;ENSG00000154723
2574;ENSG00000178234
2575;ENSG00000225697
2576;ENSG00000023608
2577;ENSG00000136731
2578;ENSG00000183943
2579;ENSG00000167323
2580;ENSG00000123349
2581;ENSG00000139722
2582;ENSG00000120733
2583;ENSG00000130560
2584;ENSG00000196636
2585;ENSG00000115998
2586;ENSG00000090316
2587;ENSG00000099624
2588;ENSG00000132109
2589;ENSG00000213672
2590;ENSG00000114302
2591;ENSG00000151665
2592;ENSG00000136940
2593;ENSG00000114388
2594;ENSG00000163634
2595;ENSG00000198952
2596;ENSG00000134910
2597;ENSG00000198648
2598;ENSG00000165660
2599;ENSG00000151729
2600;ENSG00000124535
2601;ENSG00000070476
2602;ENSG00000068120
2603;ENSG00000132603
2604;ENSG00000183808
2605;ENSG00000170852
2606;ENSG00000010165
2607;ENSG00000130714
2608;ENSG00000164002
2609;ENSG00000109814
2610;ENSG00000110063
2611;ENSG00000131236
2612;ENSG00000179364
2613;ENSG00000135677
2614;ENSG00000159658
2615;ENSG00000105248
2616;ENSG00000166266
2617;ENSG00000171302
2618;ENSG00000147601
2619;ENSG00000172331
2620;ENSG00000068097
2621;ENSG00000108219
2622;ENSG00000135045
2623;ENSG00000083168
2624;ENSG00000008283
2625;ENSG00000145740
2626;ENSG00000136098
2627;ENSG00000157240
2628;ENSG00000119541
2629;ENSG00000122484
2630;ENSG00000117543
2631;ENSG00000158526
2632;ENSG00000072506
2633;ENSG00000090060
2634;ENSG00000142230
2635;ENSG00000108592
2636;ENSG00000123143
2637;ENSG00000114353
2638;ENSG00000140545
2639;ENSG00000125868
2640;ENSG00000166128
2641;ENSG00000143258
2642;ENSG00000116266
2643;ENSG00000153560
2644;ENSG00000108344
2645;ENSG00000109917
2646;ENSG00000139641
2647;ENSG00000182220
2648;ENSG00000148341
2649;ENSG00000110756
2650;ENSG00000103035
2651;ENSG00000134851
2652;ENSG00000181788
2653;ENSG00000111737
2654;ENSG00000164134
2655;ENSG00000092445
2656;ENSG00000105401
2657;ENSG00000067167
2658;ENSG00000100211
2659;ENSG00000033178
2660;ENSG00000137944
2661;ENSG00000198898
2662;ENSG00000120742
2663;ENSG00000198746
2664;ENSG00000099942
2665;ENSG00000128789
2666;ENSG00000106100
2667;ENSG00000081019
2668;ENSG00000011009
2669;ENSG00000132153
2670;ENSG00000172732
2671;ENSG00000182446
2672;ENSG00000196455
2673;ENSG00000129562
2674;ENSG00000109775
2675;ENSG00000005156
2676;ENSG00000011007
2677;ENSG00000104517
2678;ENSG00000122971
2679;ENSG00000136436
2680;ENSG00000065000
2681;ENSG00000114554
2682;ENSG00000110060
2683;ENSG00000164924
2684;ENSG00000198000
2685;ENSG00000153786
2686;ENSG00000162390
2687;ENSG00000182307
2688;ENSG00000144579
2689;ENSG00000183283
2690;ENSG00000197858
2691;ENSG00000167842
2692;ENSG00000164111
2693;ENSG00000228300
2694;ENSG00000136146
2695;ENSG00000178188
2696;ENSG00000117758
2697;ENSG00000116212
2698;ENSG00000018610
2699;ENSG00000127884
2700;ENSG00000158792
2701;ENSG00000090857
2702;ENSG00000008838
2703;ENSG00000116874
2704;ENSG00000184897
2705;ENSG00000135823
2706;ENSG00000102974
2707;ENSG00000159377
2708;ENSG00000106367
2709;ENSG00000103978
2710;ENSG00000173085
2711;ENSG00000124279
2712;ENSG00000168056
2713;ENSG00000179562
2714;ENSG00000137563
2715;ENSG00000084073
2716;ENSG00000156471
2717;ENSG00000003509
2718;ENSG00000100056
2719;ENSG00000147400
2720;ENSG00000123178
2721;ENSG00000067704
2722;ENSG00000182544
2723;ENSG00000142751
2724;ENSG00000164574
2725;ENSG00000009307
2726;ENSG00000135974
2727;ENSG00000130985
2728;ENSG00000106609
2729;ENSG00000103995
2730;ENSG00000119401
2731;ENSG00000104884
2732;ENSG00000126070
2733;ENSG00000175283
2734;ENSG00000196505
2735;ENSG00000102738
2736;ENSG00000141026
2737;ENSG00000130725
2738;ENSG00000051620
2739;ENSG00000171100
2740;ENSG00000107651
2741;ENSG00000110768
2742;ENSG00000089775
2743;ENSG00000073050
2744;ENSG00000196150
2745;ENSG00000110107
2746;ENSG00000117410
2747;ENSG00000125149
2748;ENSG00000182810
2749;ENSG00000123159
2750;ENSG00000108039
2751;ENSG00000047621
2752;ENSG00000173757
2753;ENSG00000148429
2754;ENSG00000154845
2755;ENSG00000110344
2756;ENSG00000110442
2757;ENSG00000155959
2758;ENSG00000184277
2759;ENSG00000169180
2760;ENSG00000177697
2761;ENSG00000178719
2762;ENSG00000140391
2763;ENSG00000172992
2764;ENSG00000104221
2765;ENSG00000109270
2766;ENSG00000125651
2767;ENSG00000134014
2768;ENSG00000088298
2769;ENSG00000006451
2770;ENSG00000160551
2771;ENSG00000157933
2772;ENSG00000131873
2773;ENSG00000100109
2774;ENSG00000196683
2775;ENSG00000138617
2776;ENSG00000135297
2777;ENSG00000132323
2778;ENSG00000125656
2779;ENSG00000063241
2780;ENSG00000135372
2781;ENSG00000115286
2782;ENSG00000158290
2783;ENSG00000140526
2784;ENSG00000166452
2785;ENSG00000156735
2786;ENSG00000135632
2787;ENSG00000172269
2788;ENSG00000178105
2789;ENSG00000100722
2790;ENSG00000147677
2791;ENSG00000071889
2792;ENSG00000082641
2793;ENSG00000132356
2794;ENSG00000115073
2795;ENSG00000113048
2796;ENSG00000143436
2797;ENSG00000129460
2798;ENSG00000185043
2799;ENSG00000064490
2800;ENSG00000162227
2801;ENSG00000128915
2802;ENSG00000066855
2803;ENSG00000135801
2804;ENSG00000148396
2805;ENSG00000074201
2806;ENSG00000154146
2807;ENSG00000076924
2808;ENSG00000151806
2809;ENSG00000165392
2810;ENSG00000149196
2811;ENSG00000112304
2812;ENSG00000119718
2813;ENSG00000112592
2814;ENSG00000003249
2815;ENSG00000100319
2816;ENSG00000147123
2817;ENSG00000150753
2818;ENSG00000164631
2819;ENSG00000146828
2820;ENSG00000103248
2821;ENSG00000166887
2822;ENSG00000085998
2823;ENSG00000040933
2824;ENSG00000090020
2825;ENSG00000130177
2826;ENSG00000111450
2827;ENSG00000158555
2828;ENSG00000100281
2829;ENSG00000042753
2830;ENSG00000135506
2831;ENSG00000153207
2832;ENSG00000099940
2833;ENSG00000114544
2834;ENSG00000076321
2835;ENSG00000112305
2836;ENSG00000164040
2837;ENSG00000012232
2838;ENSG00000100941
2839;ENSG00000109189
2840;ENSG00000054611
2841;ENSG00000149311
2842;ENSG00000178691
2843;ENSG00000163069
2844;ENSG00000137842
2845;ENSG00000183978
2846;ENSG00000177051
2847;ENSG00000213983
2848;ENSG00000175634
2849;ENSG00000171428
2850;ENSG00000181929
2851;ENSG00000169221
2852;ENSG00000091039
2853;ENSG00000035687
2854;ENSG00000118579
2855;ENSG00000102890
2856;ENSG00000099910
2857;ENSG00000130159
2858;ENSG00000166913
2859;ENSG00000140157
2860;ENSG00000175220
2861;ENSG00000164062
2862;ENSG00000113812
2863;ENSG00000110925
2864;ENSG00000198961
2865;ENSG00000114648
2866;ENSG00000123810
2867;ENSG00000185163
2868;ENSG00000100416
2869;ENSG00000136807
2870;ENSG00000143155
2871;ENSG00000069248
2872;ENSG00000092203
2873;ENSG00000155393
2874;ENSG00000115816
2875;ENSG00000182054
2876;ENSG00000040531
2877;ENSG00000137500
2878;ENSG00000112685
2879;ENSG00000103091
2880;ENSG00000099995
2881;ENSG00000117143
2882;ENSG00000140948
2883;ENSG00000159202
2884;ENSG00000155876
2885;ENSG00000143149
2886;ENSG00000154719
2887;ENSG00000100296
2888;ENSG00000151348
2889;ENSG00000131043
2890;ENSG00000186432
2891;ENSG00000183291
2892;ENSG00000163541
2893;ENSG00000145780
2894;ENSG00000058056
2895;ENSG00000162694
2896;ENSG00000114054
2897;ENSG00000156795
2898;ENSG00000151131
2899;ENSG00000164091
2900;ENSG00000181991
2901;ENSG00000103111
2902;ENSG00000119471
2903;ENSG00000182872
2904;ENSG00000133731
2905;ENSG00000125356
2906;ENSG00000198858
2907;ENSG00000139921
2908;ENSG00000165417
2909;ENSG00000171606
2910;ENSG00000043514
2911;ENSG00000144840
2912;ENSG00000168282
2913;ENSG00000163877
2914;ENSG00000204084
2915;ENSG00000184432
2916;ENSG00000121578
2917;ENSG00000175573
2918;ENSG00000116096
2919;ENSG00000105063
2920;ENSG00000130811
2921;ENSG00000100445
2922;ENSG00000164823
2923;ENSG00000075303
2924;ENSG00000156931
2925;ENSG00000160633
2926;ENSG00000136932
2927;ENSG00000144591
2928;ENSG00000150867
2929;ENSG00000147592
2930;ENSG00000124356
2931;ENSG00000198815
2932;ENSG00000140463
2933;ENSG00000204160
2934;ENSG00000058063
2935;ENSG00000173039
2936;ENSG00000009830
2937;ENSG00000106638
2938;ENSG00000128513
2939;ENSG00000138434
2940;ENSG00000101052
2941;ENSG00000134153
2942;ENSG00000166181
2943;ENSG00000135624
2944;ENSG00000141582
2945;ENSG00000151332
2946;ENSG00000107745
2947;ENSG00000066651
2948;ENSG00000166333
2949;ENSG00000109079
2950;ENSG00000037749
2951;ENSG00000136631
2952;ENSG00000148730
2953;ENSG00000104408
2954;ENSG00000127774
2955;ENSG00000065548
2956;ENSG00000167394
2957;ENSG00000164168
2958;ENSG00000104812
2959;ENSG00000150768
2960;ENSG00000155508
2961;ENSG00000144909
2962;ENSG00000164405
2963;ENSG00000137161
2964;ENSG00000179526
2965;ENSG00000121680
2966;ENSG00000198218
2967;ENSG00000110958
2968;ENSG00000005206
2969;ENSG00000157500
2970;ENSG00000120137
2971;ENSG00000139291
2972;ENSG00000093010
2973;ENSG00000040199
2974;ENSG00000197265
2975;ENSG00000125870
2976;ENSG00000029639
2977;ENSG00000107560
2978;ENSG00000067829
2979;ENSG00000141084
2980;ENSG00000125375
2981;ENSG00000134996
2982;ENSG00000115241
2983;ENSG00000101247
2984;ENSG00000009335
2985;ENSG00000106635
2986;ENSG00000103249
2987;ENSG00000135829
2988;ENSG00000116906
2989;ENSG00000136937
2990;ENSG00000182934
2991;ENSG00000166135
2992;ENSG00000172086
2993;ENSG00000146463
2994;ENSG00000181924
2995;ENSG00000167977
2996;ENSG00000136045
2997;ENSG00000126267
2998;ENSG00000071859
2999;ENSG00000143379
3000;ENSG00000141562
3001;ENSG00000109065
3002;ENSG00000133884
3003;ENSG00000169599
3004;ENSG00000181555
3005;ENSG00000198924
3006;ENSG00000103932
3007;ENSG00000177105
3008;ENSG00000099795
3009;ENSG00000104969
3010;ENSG00000157911
3011;ENSG00000088179
3012;ENSG00000163904
3013;ENSG00000087191
3014;ENSG00000157212
3015;ENSG00000074319
3016;ENSG00000158864
3017;ENSG00000131375
3018;ENSG00000103126
3019;ENSG00000035928
3020;ENSG00000101350
3021;ENSG00000136478
3022;ENSG00000090054
3023;ENSG00000048828
3024;ENSG00000117118
3025;ENSG00000114383
3026;ENSG00000114354
3027;ENSG00000107815
3028;ENSG00000140497
3029;ENSG00000153046
3030;ENSG00000125166
3031;ENSG00000112357
3032;ENSG00000167770
3033;ENSG00000083838
3034;ENSG00000168522
3035;ENSG00000123106
3036;ENSG00000185049
3037;ENSG00000086598
3038;ENSG00000166170
3039;ENSG00000151413
3040;ENSG00000125753
3041;ENSG00000102984
3042;ENSG00000111361
3043;ENSG00000020129
3044;ENSG00000104805
3045;ENSG00000166326
3046;ENSG00000140854
3047;ENSG00000140829
3048;ENSG00000112695
3049;ENSG00000164209
3050;ENSG00000096063
3051;ENSG00000124228
3052;ENSG00000172500
3053;ENSG00000113312
3054;ENSG00000113558
3055;ENSG00000130479
3056;ENSG00000170322
3057;ENSG00000110851
3058;ENSG00000156709
3059;ENSG00000100225
3060;ENSG00000114988
3061;ENSG00000114023
3062;ENSG00000135503
3063;ENSG00000174276
3064;ENSG00000108946
3065;ENSG00000039123
3066;ENSG00000136950
3067;ENSG00000141522
3068;ENSG00000134901
3069;ENSG00000163607
3070;ENSG00000110046
3071;ENSG00000139405
3072;ENSG00000153037
3073;ENSG00000178952
3074;ENSG00000103168
3075;ENSG00000111530
3076;ENSG00000164164
3077;ENSG00000085465
3078;ENSG00000146576
3079;ENSG00000095139
3080;ENSG00000143756
3081;ENSG00000132024
3082;ENSG00000168653
3083;ENSG00000084090
3084;ENSG00000182512
3085;ENSG00000126746
3086;ENSG00000100241
3087;ENSG00000147457
3088;ENSG00000163902
3089;ENSG00000166272
3090;ENSG00000141542
3091;ENSG00000117133
3092;ENSG00000065427
3093;ENSG00000146701
3094;ENSG00000145715
3095;ENSG00000103245
3096;ENSG00000087263
3097;ENSG00000175895
3098;ENSG00000108423
3099;ENSG00000170222
3100;ENSG00000138801
3101;ENSG00000171155
3102;ENSG00000100442
3103;ENSG00000105849
3104;ENSG00000133895
3105;ENSG00000156983
3106;ENSG00000153767
3107;ENSG00000169567
3108;ENSG00000135956
3109;ENSG00000058729
3110;ENSG00000120756
3111;ENSG00000122958
3112;ENSG00000179271
3113;ENSG00000092841
3114;ENSG00000025800
3115;ENSG00000165458
3116;ENSG00000136238
3117;ENSG00000198855
3118;ENSG00000175216
3119;ENSG00000165806
3120;ENSG00000166454
3121;ENSG00000105671
3122;ENSG00000145191
3123;ENSG00000177045
3124;ENSG00000178307
3125;ENSG00000124209
3126;ENSG00000130684
3127;ENSG00000149499
3128;ENSG00000101193
3129;ENSG00000004059
3130;ENSG00000174840
3131;ENSG00000196792
3132;ENSG00000164941
3133;ENSG00000140830
3134;ENSG00000149182
3135;ENSG00000084444
3136;ENSG00000117593
3137;ENSG00000013503
3138;ENSG00000152558
3139;ENSG00000105953
3140;ENSG00000077235
3141;ENSG00000149136
3142;ENSG00000122140
3143;ENSG00000104133
3144;ENSG00000176105
3145;ENSG00000104325
3146;ENSG00000080189
3147;ENSG00000102897
3148;ENSG00000136068
3149;ENSG00000157895
3150;ENSG00000114503
3151;ENSG00000144524
3152;ENSG00000111203
3153;ENSG00000114520
3154;ENSG00000091640
3155;ENSG00000100528
3156;ENSG00000111725
3157;ENSG00000166261
3158;ENSG00000089060
3159;ENSG00000131467
3160;ENSG00000104442
3161;ENSG00000180370
3162;ENSG00000175970
3163;ENSG00000164961
3164;ENSG00000072518
3165;ENSG00000009413
3166;ENSG00000179085
3167;ENSG00000162236
3168;ENSG00000148334
3169;ENSG00000130299
3170;ENSG00000123395
3171;ENSG00000189241
3172;ENSG00000116350
3173;ENSG00000093144
3174;ENSG00000011376
3175;ENSG00000171204
3176;ENSG00000166478
3177;ENSG00000109390
3178;ENSG00000138614
3179;ENSG00000109016
3180;ENSG00000130733
3181;ENSG00000089876
3182;ENSG00000138459
3183;ENSG00000079785
3184;ENSG00000138794
3185;ENSG00000166002
3186;ENSG00000123064
3187;ENSG00000105755
3188;ENSG00000132005
3189;ENSG00000100412
3190;ENSG00000164253
3191;ENSG00000090432
3192;ENSG00000170855
3193;ENSG00000183258
3194;ENSG00000197157
3195;ENSG00000065029
3196;ENSG00000104331
3197;ENSG00000101343
3198;ENSG00000118217
3199;ENSG00000136908
3200;ENSG00000178694
3201;ENSG00000143653
3202;ENSG00000168538
3203;ENSG00000099203
3204;ENSG00000126247
3205;ENSG00000175348
3206;ENSG00000133704
3207;ENSG00000072778
3208;ENSG00000111540
3209;ENSG00000198677
3210;ENSG00000164880
3211;ENSG00000124459
3212;ENSG00000144848
3213;ENSG00000120333
3214;ENSG00000160714
3215;ENSG00000178913
3216;ENSG00000167792
3217;ENSG00000134152
3218;ENSG00000166908
3219;ENSG00000168434
3220;ENSG00000103653
3221;ENSG00000167565
3222;ENSG00000118046
3223;ENSG00000132819
3224;ENSG00000135148
3225;ENSG00000109680
3226;ENSG00000125386
3227;ENSG00000132141
3228;ENSG00000107874
3229;ENSG00000148308
3230;ENSG00000154518
3231;ENSG00000141424
3232;ENSG00000089123
3233;ENSG00000080371
3234;ENSG00000139192
3235;ENSG00000171159
3236;ENSG00000196470
3237;ENSG00000113273
3238;ENSG00000164031
3239;ENSG00000087206
3240;ENSG00000035141
3241;ENSG00000136819
3242;ENSG00000100568
3243;ENSG00000163930
3244;ENSG00000092201
3245;ENSG00000214160
3246;ENSG00000111667
3247;ENSG00000129071
3248;ENSG00000107223
3249;ENSG00000198791
3250;ENSG00000151498
3251;ENSG00000006715
3252;ENSG00000065308
3253;ENSG00000175756
3254;ENSG00000132591
3255;ENSG00000163389
3256;ENSG00000151148
3257;ENSG00000226479
3258;ENSG00000126088
3259;ENSG00000183207
3260;ENSG00000104976
3261;ENSG00000137513
3262;ENSG00000121775
3263;ENSG00000105290
3264;ENSG00000176953
3265;ENSG00000100258
3266;ENSG00000162434
3267;ENSG00000038002
3268;ENSG00000177733
3269;ENSG00000197323
3270;ENSG00000130748
3271;ENSG00000125991
3272;ENSG00000186111
3273;ENSG00000151576
3274;ENSG00000110697
3275;ENSG00000131408
3276;ENSG00000010803
3277;ENSG00000138593
3278;ENSG00000136986
3279;ENSG00000178741
3280;ENSG00000070501
3281;ENSG00000138757
3282;ENSG00000198586
3283;ENSG00000103502
3284;ENSG00000165678
3285;ENSG00000205629
3286;ENSG00000090989
3287;ENSG00000117174
3288;ENSG00000116688
3289;ENSG00000147475
3290;ENSG00000184990
3291;ENSG00000241258
3292;ENSG00000141219
3293;ENSG00000163374
3294;ENSG00000160305
3295;ENSG00000169018
3296;ENSG00000160785
3297;ENSG00000132128
3298;ENSG00000166855
3299;ENSG00000175073
3300;ENSG00000090061
3301;ENSG00000179151
3302;ENSG00000164889
3303;ENSG00000141985
3304;ENSG00000126062
3305;ENSG00000140374
3306;ENSG00000084693
3307;ENSG00000108352
3308;ENSG00000007520
3309;ENSG00000122705
3310;ENSG00000000457
3311;ENSG00000116288
3312;ENSG00000154174
3313;ENSG00000143643
3314;ENSG00000169976
3315;ENSG00000137100
3316;ENSG00000130305
3317;ENSG00000133997
3318;ENSG00000102901
3319;ENSG00000106615
3320;ENSG00000119723
3321;ENSG00000129055
3322;ENSG00000159593
3323;ENSG00000109911
3324;ENSG00000176101
3325;ENSG00000060491
3326;ENSG00000185825
3327;ENSG00000101452
3328;ENSG00000105171
3329;ENSG00000181751
3330;ENSG00000103479
3331;ENSG00000166411
3332;ENSG00000112062
3333;ENSG00000198700
3334;ENSG00000054116
3335;ENSG00000156411
3336;ENSG00000007202
3337;ENSG00000172172
3338;ENSG00000011566
3339;ENSG00000104872
3340;ENSG00000112640
3341;ENSG00000160293
3342;ENSG00000197894
3343;ENSG00000004975
3344;ENSG00000135631
3345;ENSG00000075975
3346;ENSG00000186625
3347;ENSG00000101161
3348;ENSG00000186501
3349;ENSG00000183431
3350;ENSG00000174106
3351;ENSG00000107862
3352;ENSG00000079999
3353;ENSG00000125449
3354;ENSG00000153147
3355;ENSG00000114650
3356;ENSG00000185104
3357;ENSG00000103495
3358;ENSG00000138246
3359;ENSG00000060749
3360;ENSG00000137824
3361;ENSG00000172273
3362;ENSG00000109381
3363;ENSG00000139625
3364;ENSG00000160959
3365;ENSG00000136827
3366;ENSG00000100220
3367;ENSG00000119013
3368;ENSG00000143183
3369;ENSG00000160993
3370;ENSG00000106400
3371;ENSG00000123609
3372;ENSG00000004777
3373;ENSG00000152102
3374;ENSG00000111412
3375;ENSG00000117691
3376;ENSG00000084072
3377;ENSG00000151445
3378;ENSG00000104412
3379;ENSG00000179262
3380;ENSG00000139579
3381;ENSG00000125755
3382;ENSG00000107829
3383;ENSG00000164081
3384;ENSG00000089693
3385;ENSG00000140598
3386;ENSG00000132842
3387;ENSG00000184857
3388;ENSG00000160294
3389;ENSG00000127837
3390;ENSG00000132017
3391;ENSG00000179134
3392;ENSG00000167118
3393;ENSG00000161395
3394;ENSG00000174165
3395;ENSG00000105298
3396;ENSG00000022976
3397;ENSG00000140688
3398;ENSG00000140471
3399;ENSG00000182979
3400;ENSG00000113282
3401;ENSG00000100532
3402;ENSG00000062725
3403;ENSG00000119929
3404;ENSG00000156973
3405;ENSG00000121879
3406;ENSG00000067955
3407;ENSG00000114742
3408;ENSG00000130764
3409;ENSG00000115694
3410;ENSG00000177485
3411;ENSG00000175203
3412;ENSG00000172534
3413;ENSG00000176142
3414;ENSG00000130724
3415;ENSG00000196365
3416;ENSG00000068784
3417;ENSG00000114021
3418;ENSG00000158158
3419;ENSG00000178896
3420;ENSG00000101146
3421;ENSG00000197724
3422;ENSG00000174842
3423;ENSG00000115145
3424;ENSG00000105229
3425;ENSG00000203879
3426;ENSG00000105397
3427;ENSG00000198276
3428;ENSG00000170836
3429;ENSG00000133265
3430;ENSG00000183386
3431;ENSG00000138663
3432;ENSG00000167862
3433;ENSG00000140632
3434;ENSG00000087157
3435;ENSG00000176946
3436;ENSG00000105552
3437;ENSG00000114209
3438;ENSG00000167130
3439;ENSG00000004766
3440;ENSG00000135587
3441;ENSG00000139637
3442;ENSG00000141499
3443;ENSG00000106290
3444;ENSG00000122882
3445;ENSG00000100811
3446;ENSG00000172890
3447;ENSG00000116586
3448;ENSG00000177556
3449;ENSG00000175324
3450;ENSG00000196235
3451;ENSG00000111832
3452;ENSG00000138071
3453;ENSG00000163161
3454;ENSG00000120798
3455;ENSG00000096080
3456;ENSG00000158850
3457;ENSG00000137815
3458;ENSG00000170260
3459;ENSG00000131748
3460;ENSG00000146729
3461;ENSG00000124688
3462;ENSG00000138802
3463;ENSG00000136715
3464;ENSG00000059691
3465;ENSG00000196544
3466;ENSG00000204859
3467;ENSG00000105726
3468;ENSG00000114902
3469;ENSG00000183735
3470;ENSG00000170291
3471;ENSG00000092020
3472;ENSG00000119383
3473;ENSG00000151881
3474;ENSG00000075142
3475;ENSG00000124214
3476;ENSG00000151503
3477;ENSG00000105402
3478;ENSG00000168259
3479;ENSG00000071994
3480;ENSG00000116747
3481;ENSG00000101138
3482;ENSG00000111786
3483;ENSG00000100564
3484;ENSG00000142208
3485;ENSG00000117036
3486;ENSG00000164919
3487;ENSG00000170633
3488;ENSG00000204104
3489;ENSG00000069329
3490;ENSG00000147654
3491;ENSG00000103005
3492;ENSG00000164258
3493;ENSG00000183665
3494;ENSG00000140104
3495;ENSG00000027847
3496;ENSG00000135341
3497;ENSG00000104897
3498;ENSG00000101407
3499;ENSG00000183624
3500;ENSG00000111481
3501;ENSG00000129083
3502;ENSG00000177885
3503;ENSG00000142655
3504;ENSG00000126460
3505;ENSG00000164754
3506;ENSG00000141098
3507;ENSG00000143222
3508;ENSG00000141349
3509;ENSG00000110711
3510;ENSG00000130640
3511;ENSG00000111726
3512;ENSG00000101400
3513;ENSG00000115446
3514;ENSG00000108349
3515;ENSG00000196378
3516;ENSG00000188986
3517;ENSG00000140332
3518;ENSG00000144118
3519;ENSG00000029364
3520;ENSG00000174227
3521;ENSG00000163320
3522;ENSG00000175931
3523;ENSG00000149480
3524;ENSG00000188021
3525;ENSG00000104388
3526;ENSG00000113593
3527;ENSG00000198231
3528;ENSG00000110435
3529;ENSG00000177728
3530;ENSG00000128654
3531;ENSG00000171109
3532;ENSG00000074266
3533;ENSG00000211456
3534;ENSG00000172409
3535;ENSG00000108773
3536;ENSG00000132581
3537;ENSG00000107130
3538;ENSG00000166484
3539;ENSG00000101216
3540;ENSG00000162385
3541;ENSG00000170502
3542;ENSG00000138231
3543;ENSG00000111358
3544;ENSG00000169410
3545;ENSG00000124702
3546;ENSG00000174938
3547;ENSG00000090372
3548;ENSG00000115649
3549;ENSG00000142686
3550;ENSG00000185591
3551;ENSG00000196642
3552;ENSG00000061273
3553;ENSG00000158796
3554;ENSG00000138785
3555;ENSG00000130726
3556;ENSG00000148331
3557;ENSG00000051382
3558;ENSG00000158480
3559;ENSG00000107263
3560;ENSG00000119421
3561;ENSG00000005007
3562;ENSG00000168288
3563;ENSG00000142892
3564;ENSG00000104129
3565;ENSG00000166595
3566;ENSG00000152700
3567;ENSG00000143761
3568;ENSG00000175104
3569;ENSG00000086589
3570;ENSG00000167487
3571;ENSG00000197056
3572;ENSG00000047188
3573;ENSG00000143753
3574;ENSG00000253729
3575;ENSG00000196652
3576;ENSG00000173226
3577;ENSG00000124198
3578;ENSG00000150776
3579;ENSG00000143418
3580;ENSG00000136381
3581;ENSG00000102078
3582;ENSG00000153339
3583;ENSG00000153774
3584;ENSG00000075856
3585;ENSG00000169564
3586;ENSG00000022840
3587;ENSG00000081177
3588;ENSG00000162972
3589;ENSG00000133422
3590;ENSG00000166888
3591;ENSG00000168876
3592;ENSG00000140319
3593;ENSG00000126581
3594;ENSG00000069345
3595;ENSG00000105738
3596;ENSG00000171530
3597;ENSG00000120451
3598;ENSG00000061794
3599;ENSG00000008952
3600;ENSG00000162517
3601;ENSG00000131966
3602;ENSG00000145916
3603;ENSG00000130175
3604;ENSG00000105438
3605;ENSG00000138592
3606;ENSG00000156858
3607;ENSG00000101544
3608;ENSG00000078246
3609;ENSG00000131508
3610;ENSG00000181396
3611;ENSG00000102858
3612;ENSG00000171723
3613;ENSG00000081014
3614;ENSG00000075089
3615;ENSG00000143319
3616;ENSG00000117408
3617;ENSG00000078618
3618;ENSG00000083937
3619;ENSG00000013523
3620;ENSG00000065135
3621;ENSG00000094914
3622;ENSG00000162889
3623;ENSG00000173113
3624;ENSG00000072803
3625;ENSG00000170835
3626;ENSG00000130695
3627;ENSG00000143393
3628;ENSG00000065559
3629;ENSG00000105568
3630;ENSG00000130749
3631;ENSG00000037042
3632;ENSG00000161016
3633;ENSG00000108591
3634;ENSG00000132694
3635;ENSG00000104957
3636;ENSG00000104853
3637;ENSG00000166167
3638;ENSG00000170604
3639;ENSG00000125447
3640;ENSG00000107290
3641;ENSG00000156482
3642;ENSG00000137806
3643;ENSG00000126107
3644;ENSG00000149313
3645;ENSG00000101189
3646;ENSG00000134255
3647;ENSG00000124659
3648;ENSG00000162775
3649;ENSG00000068394
3650;ENSG00000144744
3651;ENSG00000184402
3652;ENSG00000100603
3653;ENSG00000163159
3654;ENSG00000113838
3655;ENSG00000067596
3656;ENSG00000149243
3657;ENSG00000096401
3658;ENSG00000112855
3659;ENSG00000004487
3660;ENSG00000139197
3661;ENSG00000181027
3662;ENSG00000102871
3663;ENSG00000103549
3664;ENSG00000143294
3665;ENSG00000066117
3666;ENSG00000105520
3667;ENSG00000102981
3668;ENSG00000105053
3669;ENSG00000183155
3670;ENSG00000131269
3671;ENSG00000182149
3672;ENSG00000166860
3673;ENSG00000168591
3674;ENSG00000120008
3675;ENSG00000110696
3676;ENSG00000176473